insert into products(id, name, price, total_quantity) values (1, '"A Time of Gifts" by Stanton Romaguera', 903.87, 17);
insert into products(id, name, price, total_quantity) values (2, '"I Will Fear No Evil" by Gerson Cole', 716.64, 85);
insert into products(id, name, price, total_quantity) values (3, '"The Line of Beauty" by Sherwood Herzog', 463.61, 23);
insert into products(id, name, price, total_quantity) values (4, '"Edna O''Brien" by Kylie Mueller', 705.95, 41);
insert into products(id, name, price, total_quantity) values (5, '"Precious Bane" by Jazmyne Jerde', 631.31, 81);
insert into products(id, name, price, total_quantity) values (6, '"In Death Ground" by Orval Langosh', 104.49, 44);
insert into products(id, name, price, total_quantity) values (7, '"All the King''s Men" by Ethyl Kshlerin', 505.16, 17);
insert into products(id, name, price, total_quantity) values (8, '"Bury My Heart at Wounded Knee" by Miss Ethan Pacocha', 644.51, 13);
insert into products(id, name, price, total_quantity) values (9, '"The Proper Study" by Griffin Kuvalis', 513.54, 46);
insert into products(id, name, price, total_quantity) values (10, '"Consider the Lilies" by Anastacio Bednar Sr.', 266.71, 5);
insert into products(id, name, price, total_quantity) values (11, '"Great Work of Time" by Waino Rodriguez', 720.66, 87);
insert into products(id, name, price, total_quantity) values (12, '"The Torment of Others" by Mr. Terrance Bauch', 811.96, 61);
insert into products(id, name, price, total_quantity) values (13, '"Unweaving the Rainbow" by Alex Sanford', 935.36, 50);
insert into products(id, name, price, total_quantity) values (14, '"The Moving Toyshop" by Mekhi Langworth', 292.03, 43);
insert into products(id, name, price, total_quantity) values (15, '"Absalom, Absalom!" by Miss Abbie Walsh', 496.94, 4);
insert into products(id, name, price, total_quantity) values (16, '"Butter In a Lordly Dish" by Kim Schmitt', 489.51, 74);
insert into products(id, name, price, total_quantity) values (17, '"Blue Remembered Earth" by Clara Bins IV', 178.41, 9);
insert into products(id, name, price, total_quantity) values (18, '"The Way Through the Woods" by Enola Hahn', 225.68, 54);
insert into products(id, name, price, total_quantity) values (19, '"When the Green Woods Laugh" by Jeffrey Okuneva PhD', 988.74, 56);
insert into products(id, name, price, total_quantity) values (20, '"Blue Remembered Earth" by Noemie Kirlin', 955.02, 20);
insert into products(id, name, price, total_quantity) values (21, '"A Many-Splendoured Thing" by Abel Bashirian', 601.36, 72);
insert into products(id, name, price, total_quantity) values (22, '"The Grapes of Wrath" by Ms. Mina Vandervort', 796.18, 15);
insert into products(id, name, price, total_quantity) values (23, '"A Farewell to Arms" by Antonio Kuhlman', 680.10, 88);
insert into products(id, name, price, total_quantity) values (24, '"The Way of All Flesh" by Mariane Huels', 949.48, 79);
insert into products(id, name, price, total_quantity) values (25, '"The Glory and the Dream" by Casper Dare', 942.74, 11);
insert into products(id, name, price, total_quantity) values (26, '"Sleep the Brave" by Mr. Kathryne Graham', 734.19, 48);
insert into products(id, name, price, total_quantity) values (27, '"The Skull Beneath the Skin" by Dr. Ellen Walter', 979.81, 37);
insert into products(id, name, price, total_quantity) values (28, '"Quo Vadis" by Vernice Carroll Sr.', 271.36, 18);
insert into products(id, name, price, total_quantity) values (29, '"A Summer Bird-Cage" by Johan Wiza', 505.13, 11);
insert into products(id, name, price, total_quantity) values (30, '"Carrion Comfort" by Sydnee Kirlin', 784.80, 11);
insert into products(id, name, price, total_quantity) values (31, '"From Here to Eternity" by Ryder Bogisich', 805.63, 55);
insert into products(id, name, price, total_quantity) values (32, '"No Longer at Ease" by Alejandrin Zulauf', 310.23, 77);
insert into products(id, name, price, total_quantity) values (33, '"Taming a Sea Horse" by Mallie Mohr', 968.31, 28);
insert into products(id, name, price, total_quantity) values (34, '"That Hideous Strength" by Dr. Hettie Runte', 173.04, 82);
insert into products(id, name, price, total_quantity) values (35, '"The Golden Apples of the Sun" by Abigayle Hintz I', 898.05, 26);
insert into products(id, name, price, total_quantity) values (36, '"Bury My Heart at Wounded Knee" by Margie Wintheiser', 135.30, 8);
insert into products(id, name, price, total_quantity) values (37, '"From Here to Eternity" by Clinton Cruickshank', 256.51, 46);
insert into products(id, name, price, total_quantity) values (38, '"The Widening Gyre" by Layla Brekke', 374.86, 19);
insert into products(id, name, price, total_quantity) values (39, '"Terrible Swift Sword" by Ansel Jenkins Sr.', 876.84, 22);
insert into products(id, name, price, total_quantity) values (40, '"Dance Dance Dance" by Zetta Paucek', 182.61, 19);
insert into products(id, name, price, total_quantity) values (41, '"Surprised by Joy" by Larue Kulas', 071.60, 43);
insert into products(id, name, price, total_quantity) values (42, '"An Instant In The Wind" by Darien Heller', 435.06, 56);
insert into products(id, name, price, total_quantity) values (43, '"The Mirror Crack''d from Side to Side" by Olaf Harris', 343.51, 14);
insert into products(id, name, price, total_quantity) values (44, '"The Lathe of Heaven" by Eulalia Bayer', 674.62, 42);
insert into products(id, name, price, total_quantity) values (45, '"The Green Bay Tree" by Wilma Bailey', 275.46, 8);
insert into products(id, name, price, total_quantity) values (46, '"Consider Phlebas" by Ms. Ethan Schaefer', 347.78, 21);
insert into products(id, name, price, total_quantity) values (48, '"Dulce et Decorum Est" by Dr. Nickolas Cormier', 394.64, 76);
insert into products(id, name, price, total_quantity) values (49, '"Fear and Trembling" by Robin Emmerich DDS', 648.00, 28);
insert into products(id, name, price, total_quantity) values (50, '"Tirra Lirra by the River" by Myrtis Nitzsche MD', 760.03, 58);
insert into products(id, name, price, total_quantity) values (51, '"The Way of All Flesh" by Rhianna D''Amore', 607.42, 48);
insert into products(id, name, price, total_quantity) values (52, '"Moab Is My Washpot" by Elias MacGyver', 846.42, 86);
insert into products(id, name, price, total_quantity) values (53, '"From Here to Eternity" by Vanessa Leffler', 559.50, 88);
insert into customers(id, first_name, last_name) values (1, 'Gerhard', 'Abernathy');
insert into customers(id, first_name, last_name) values (2, 'Jermain', 'Stamm');
insert into customers(id, first_name, last_name) values (3, 'Arnold', 'Bergstrom');
insert into customers(id, first_name, last_name) values (4, 'Conner', 'Welch');
insert into customers(id, first_name, last_name) values (5, 'Joana', 'Hilpert');
insert into customers(id, first_name, last_name) values (6, 'Gillian', 'Beatty');
insert into customers(id, first_name, last_name) values (7, 'Dominic', 'O''Reilly');
insert into customers(id, first_name, last_name) values (8, 'Roma', 'Bernhard');
insert into customers(id, first_name, last_name) values (9, 'Sigurd', 'Kunze');
insert into customers(id, first_name, last_name) values (10, 'Grant', 'Hoeger');
insert into customers(id, first_name, last_name) values (11, 'Ruby', 'Jacobi');
insert into customers(id, first_name, last_name) values (12, 'Joshuah', 'Boehm');
insert into customers(id, first_name, last_name) values (13, 'Madonna', 'Gaylord');
insert into customers(id, first_name, last_name) values (14, 'Daphne', 'Friesen');
insert into customers(id, first_name, last_name) values (15, 'Hadley', 'Cruickshank');
insert into customers(id, first_name, last_name) values (16, 'Fanny', 'Moen');
insert into customers(id, first_name, last_name) values (17, 'Kelsie', 'Weimann');
insert into customers(id, first_name, last_name) values (18, 'Bryce', 'Hudson');
insert into customers(id, first_name, last_name) values (19, 'Estella', 'Simonis');
insert into customers(id, first_name, last_name) values (20, 'Rachelle', 'Fisher');
insert into customers(id, first_name, last_name) values (21, 'Lexus', 'Von');
insert into customers(id, first_name, last_name) values (22, 'Niko', 'Zieme');
insert into customers(id, first_name, last_name) values (23, 'Lorine', 'Nikolaus');
insert into customers(id, first_name, last_name) values (24, 'Oda', 'Lubowitz');
insert into customers(id, first_name, last_name) values (25, 'Samanta', 'Wintheiser');
insert into customers(id, first_name, last_name) values (26, 'Vivienne', 'Hettinger');
insert into customers(id, first_name, last_name) values (27, 'Gudrun', 'Dickinson');
insert into customers(id, first_name, last_name) values (28, 'Chanel', 'Champlin');
insert into customers(id, first_name, last_name) values (29, 'Berneice', 'Klein');
insert into customers(id, first_name, last_name) values (30, 'Stewart', 'Kessler');
insert into customers(id, first_name, last_name) values (31, 'Adelia', 'Erdman');
insert into customers(id, first_name, last_name) values (32, 'Ocie', 'McClure');
insert into customers(id, first_name, last_name) values (33, 'Gregory', 'Balistreri');
insert into customers(id, first_name, last_name) values (34, 'Ewell', 'Green');
insert into customers(id, first_name, last_name) values (35, 'Marilou', 'Herman');
insert into customers(id, first_name, last_name) values (36, 'Vella', 'Greenholt');
insert into customers(id, first_name, last_name) values (37, 'Lorna', 'Larkin');
insert into customers(id, first_name, last_name) values (38, 'Saige', 'Armstrong');
insert into customers(id, first_name, last_name) values (39, 'Stanford', 'Gutmann');
insert into customers(id, first_name, last_name) values (40, 'Verona', 'Ledner');
insert into customers(id, first_name, last_name) values (41, 'Aliza', 'Grimes');
insert into customers(id, first_name, last_name) values (42, 'Lila', 'Gutkowski');
insert into customers(id, first_name, last_name) values (43, 'Candace', 'Vandervort');
insert into customers(id, first_name, last_name) values (44, 'Lorena', 'Kunze');
insert into customers(id, first_name, last_name) values (45, 'Alene', 'Smith');
insert into customers(id, first_name, last_name) values (46, 'Stone', 'Hodkiewicz');
insert into customers(id, first_name, last_name) values (47, 'Alivia', 'Krajcik');
insert into customers(id, first_name, last_name) values (48, 'Elmer', 'Borer');
insert into customers(id, first_name, last_name) values (49, 'Sophia', 'Hyatt');
insert into customers(id, first_name, last_name) values (50, 'Nedra', 'Morar');
insert into customers(id, first_name, last_name) values (51, 'Edwardo', 'Jakubowski');
insert into customers(id, first_name, last_name) values (52, 'Karl', 'Marquardt');
insert into customers(id, first_name, last_name) values (53, 'Darryl', 'Hoppe');
insert into customers(id, first_name, last_name) values (54, 'Brielle', 'Davis');
insert into customers(id, first_name, last_name) values (55, 'Piper', 'Jaskolski');
insert into customers(id, first_name, last_name) values (56, 'Anastasia', 'Carroll');
insert into customers(id, first_name, last_name) values (57, 'Jackson', 'Rutherford');
insert into customers(id, first_name, last_name) values (58, 'Laisha', 'Treutel');
insert into customers(id, first_name, last_name) values (59, 'Susana', 'Towne');
insert into customers(id, first_name, last_name) values (60, 'Peggie', 'Schuster');
insert into customers(id, first_name, last_name) values (61, 'Davonte', 'DuBuque');
insert into customers(id, first_name, last_name) values (62, 'Alba', 'Hayes');
insert into customers(id, first_name, last_name) values (63, 'Kobe', 'Haley');
insert into customers(id, first_name, last_name) values (64, 'Jessika', 'Goodwin');
insert into customers(id, first_name, last_name) values (65, 'Guy', 'Cummings');
insert into customers(id, first_name, last_name) values (66, 'Noelia', 'Stanton');
insert into customers(id, first_name, last_name) values (67, 'Chandler', 'Mante');
insert into customers(id, first_name, last_name) values (68, 'Carolanne', 'Champlin');
insert into customers(id, first_name, last_name) values (69, 'Elna', 'Abshire');
insert into customers(id, first_name, last_name) values (70, 'Carolyne', 'Zieme');
insert into customers(id, first_name, last_name) values (71, 'Shyanne', 'Schumm');
insert into customers(id, first_name, last_name) values (72, 'Rodger', 'Mitchell');
insert into customers(id, first_name, last_name) values (73, 'Duane', 'Krajcik');
insert into customers(id, first_name, last_name) values (74, 'Zachary', 'Stoltenberg');
insert into customers(id, first_name, last_name) values (75, 'Gudrun', 'Carter');
insert into customers(id, first_name, last_name) values (76, 'Brenna', 'Jerde');
insert into customers(id, first_name, last_name) values (77, 'Kenyon', 'Rosenbaum');
insert into customers(id, first_name, last_name) values (78, 'Jailyn', 'Robel');
insert into customers(id, first_name, last_name) values (79, 'Gwendolyn', 'Farrell');
insert into customers(id, first_name, last_name) values (80, 'Adrien', 'Turcotte');
insert into customers(id, first_name, last_name) values (81, 'Leo', 'Nicolas');
insert into customers(id, first_name, last_name) values (82, 'Ed', 'Langworth');
insert into customers(id, first_name, last_name) values (83, 'Alicia', 'Kunze');
insert into customers(id, first_name, last_name) values (84, 'Allan', 'Rice');
insert into customers(id, first_name, last_name) values (85, 'Mikayla', 'MacGyver');
insert into customers(id, first_name, last_name) values (86, 'Hans', 'O''Kon');
insert into customers(id, first_name, last_name) values (87, 'Karianne', 'Braun');
insert into customers(id, first_name, last_name) values (88, 'Jarred', 'Spinka');
insert into customers(id, first_name, last_name) values (89, 'Esperanza', 'Powlowski');
insert into customers(id, first_name, last_name) values (90, 'Roberto', 'Hegmann');
insert into customers(id, first_name, last_name) values (91, 'Keagan', 'Gutmann');
insert into customers(id, first_name, last_name) values (92, 'Sylvester', 'Raynor');
insert into customers(id, first_name, last_name) values (93, 'Jett', 'Kerluke');
insert into customers(id, first_name, last_name) values (94, 'Petra', 'Kutch');
insert into customers(id, first_name, last_name) values (95, 'Heath', 'Schumm');
insert into customers(id, first_name, last_name) values (96, 'Chelsey', 'Swift');
insert into customers(id, first_name, last_name) values (97, 'Perry', 'Cartwright');
insert into customers(id, first_name, last_name) values (98, 'Halie', 'Mayert');
insert into customers(id, first_name, last_name) values (99, 'Germaine', 'Jacobi');
insert into customers(id, first_name, last_name) values (100, 'Terrence', 'McKenzie');
insert into customers(id, first_name, last_name) values (101, 'Demarco', 'Hilll');
insert into customers(id, first_name, last_name) values (102, 'Laurine', 'Gleichner');
insert into customers(id, first_name, last_name) values (103, 'Zechariah', 'Muller');
insert into customers(id, first_name, last_name) values (104, 'Greyson', 'Becker');
insert into customers(id, first_name, last_name) values (105, 'Milton', 'Stiedemann');
insert into customers(id, first_name, last_name) values (106, 'Florian', 'Zboncak');
insert into customers(id, first_name, last_name) values (107, 'Abbey', 'Bechtelar');
insert into customers(id, first_name, last_name) values (108, 'Marley', 'Lowe');
insert into customers(id, first_name, last_name) values (109, 'Nicole', 'Schmitt');
insert into customers(id, first_name, last_name) values (110, 'Tommie', 'Bradtke');
insert into customers(id, first_name, last_name) values (111, 'Micaela', 'Purdy');
insert into customers(id, first_name, last_name) values (112, 'Saul', 'Keebler');
insert into customers(id, first_name, last_name) values (113, 'Keenan', 'Adams');
insert into customers(id, first_name, last_name) values (114, 'Santiago', 'O''Keefe');
insert into customers(id, first_name, last_name) values (115, 'Brandy', 'Tromp');
insert into customers(id, first_name, last_name) values (116, 'Aurore', 'Zemlak');
insert into customers(id, first_name, last_name) values (117, 'Virginia', 'Little');
insert into customers(id, first_name, last_name) values (118, 'Madonna', 'Senger');
insert into customers(id, first_name, last_name) values (119, 'Monserrat', 'Wolff');
insert into customers(id, first_name, last_name) values (120, 'Bridie', 'Rohan');
insert into customers(id, first_name, last_name) values (121, 'Sam', 'Tremblay');
insert into customers(id, first_name, last_name) values (122, 'Zackery', 'Tremblay');
insert into customers(id, first_name, last_name) values (123, 'Jarrett', 'Wisoky');
insert into customers(id, first_name, last_name) values (124, 'Aiyana', 'Bogisich');
insert into customers(id, first_name, last_name) values (125, 'Javon', 'Rodriguez');
insert into customers(id, first_name, last_name) values (126, 'Laurianne', 'Pfannerstill');
insert into customers(id, first_name, last_name) values (127, 'Lenora', 'Effertz');
insert into customers(id, first_name, last_name) values (128, 'Ardella', 'Krajcik');
insert into customers(id, first_name, last_name) values (129, 'Randi', 'Koelpin');
insert into customers(id, first_name, last_name) values (130, 'Penelope', 'Bergstrom');
insert into customers(id, first_name, last_name) values (131, 'Stacy', 'Vandervort');
insert into customers(id, first_name, last_name) values (132, 'Ludie', 'Predovic');
insert into customers(id, first_name, last_name) values (133, 'Alexander', 'Veum');
insert into customers(id, first_name, last_name) values (134, 'Oleta', 'Bernhard');
insert into customers(id, first_name, last_name) values (135, 'Miles', 'Terry');
insert into customers(id, first_name, last_name) values (136, 'Chance', 'O''Hara');
insert into customers(id, first_name, last_name) values (137, 'Waylon', 'Kozey');
insert into customers(id, first_name, last_name) values (138, 'Gerson', 'Turner');
insert into customers(id, first_name, last_name) values (139, 'Levi', 'Pacocha');
insert into customers(id, first_name, last_name) values (140, 'Gilberto', 'Russel');
insert into customers(id, first_name, last_name) values (141, 'Bertram', 'Langworth');
insert into customers(id, first_name, last_name) values (142, 'Erik', 'Gutkowski');
insert into customers(id, first_name, last_name) values (143, 'Kendrick', 'Anderson');
insert into customers(id, first_name, last_name) values (144, 'Urban', 'Kuhlman');
insert into customers(id, first_name, last_name) values (145, 'Roscoe', 'Hane');
insert into customers(id, first_name, last_name) values (146, 'Camren', 'Nikolaus');
insert into customers(id, first_name, last_name) values (147, 'Dolores', 'Zieme');
insert into customers(id, first_name, last_name) values (148, 'Adrianna', 'Koch');
insert into customers(id, first_name, last_name) values (149, 'Kenya', 'Funk');
insert into customers(id, first_name, last_name) values (150, 'Chesley', 'Jones');
insert into customers(id, first_name, last_name) values (151, 'Meda', 'Mitchell');
insert into customers(id, first_name, last_name) values (152, 'Gardner', 'Satterfield');
insert into customers(id, first_name, last_name) values (153, 'Herta', 'Hartmann');
insert into customers(id, first_name, last_name) values (154, 'Karianne', 'Franecki');
insert into customers(id, first_name, last_name) values (155, 'Kennedi', 'Borer');
insert into customers(id, first_name, last_name) values (156, 'Gaetano', 'Gerhold');
insert into customers(id, first_name, last_name) values (157, 'Valentine', 'Oberbrunner');
insert into customers(id, first_name, last_name) values (158, 'Marlon', 'Skiles');
insert into customers(id, first_name, last_name) values (159, 'Jace', 'Bednar');
insert into customers(id, first_name, last_name) values (160, 'Pedro', 'Eichmann');
insert into customers(id, first_name, last_name) values (161, 'Arthur', 'Walker');
insert into customers(id, first_name, last_name) values (162, 'Brielle', 'Lueilwitz');
insert into customers(id, first_name, last_name) values (163, 'Rhianna', 'Mraz');
insert into customers(id, first_name, last_name) values (164, 'Alda', 'Prosacco');
insert into customers(id, first_name, last_name) values (165, 'Rhianna', 'Klein');
insert into customers(id, first_name, last_name) values (166, 'Baylee', 'Koch');
insert into customers(id, first_name, last_name) values (167, 'Lue', 'Bosco');
insert into customers(id, first_name, last_name) values (168, 'Keshaun', 'Grady');
insert into customers(id, first_name, last_name) values (169, 'Hollis', 'Kulas');
insert into customers(id, first_name, last_name) values (170, 'Kaelyn', 'Nikolaus');
insert into customers(id, first_name, last_name) values (171, 'Ned', 'Miller');
insert into customers(id, first_name, last_name) values (172, 'Sigurd', 'Lockman');
insert into customers(id, first_name, last_name) values (173, 'Alexandrine', 'Hintz');
insert into customers(id, first_name, last_name) values (174, 'Justina', 'Emard');
insert into customers(id, first_name, last_name) values (175, 'Reinhold', 'Abshire');
insert into customers(id, first_name, last_name) values (176, 'Elijah', 'Goldner');
insert into customers(id, first_name, last_name) values (177, 'Colten', 'Hettinger');
insert into customers(id, first_name, last_name) values (178, 'Margarita', 'Mann');
insert into customers(id, first_name, last_name) values (179, 'Laverna', 'Volkman');
insert into customers(id, first_name, last_name) values (180, 'Emmie', 'Green');
insert into customers(id, first_name, last_name) values (181, 'Francis', 'Sauer');
insert into customers(id, first_name, last_name) values (182, 'Myrl', 'Aufderhar');
insert into customers(id, first_name, last_name) values (183, 'Donnie', 'Bechtelar');
insert into customers(id, first_name, last_name) values (184, 'Rico', 'McKenzie');
insert into customers(id, first_name, last_name) values (185, 'Kristofer', 'Kihn');
insert into customers(id, first_name, last_name) values (186, 'Krista', 'McLaughlin');
insert into customers(id, first_name, last_name) values (187, 'Penelope', 'Dach');
insert into customers(id, first_name, last_name) values (188, 'Millie', 'Collins');
insert into customers(id, first_name, last_name) values (189, 'Haven', 'Marquardt');
insert into customers(id, first_name, last_name) values (190, 'Adrienne', 'Rosenbaum');
insert into customers(id, first_name, last_name) values (191, 'Antonina', 'Koelpin');
insert into customers(id, first_name, last_name) values (192, 'Dwight', 'Hickle');
insert into customers(id, first_name, last_name) values (193, 'Thaddeus', 'Wisozk');
insert into customers(id, first_name, last_name) values (194, 'Mayra', 'Marquardt');
insert into customers(id, first_name, last_name) values (195, 'Eleanora', 'Blick');
insert into customers(id, first_name, last_name) values (196, 'Shea', 'Mohr');
insert into customers(id, first_name, last_name) values (197, 'Mariah', 'Wisoky');
insert into customers(id, first_name, last_name) values (198, 'Thaddeus', 'Bradtke');
insert into customers(id, first_name, last_name) values (199, 'Judson', 'Sipes');
insert into customers(id, first_name, last_name) values (200, 'Mitchel', 'Glover');
insert into customers(id, first_name, last_name) values (201, 'Doyle', 'Littel');
insert into customers(id, first_name, last_name) values (202, 'Ruth', 'Watsica');
insert into customers(id, first_name, last_name) values (203, 'Braxton', 'Parker');
insert into customers(id, first_name, last_name) values (204, 'Jade', 'Schaefer');
insert into customers(id, first_name, last_name) values (205, 'Filomena', 'Halvorson');
insert into customers(id, first_name, last_name) values (206, 'Jefferey', 'Douglas');
insert into customers(id, first_name, last_name) values (207, 'Woodrow', 'O''Connell');
insert into customers(id, first_name, last_name) values (208, 'Eulah', 'Parisian');
insert into customers(id, first_name, last_name) values (209, 'Claudia', 'Barrows');
insert into customers(id, first_name, last_name) values (210, 'Kiera', 'Kutch');
insert into customers(id, first_name, last_name) values (211, 'Tremayne', 'Ruecker');
insert into customers(id, first_name, last_name) values (212, 'Alverta', 'Jones');
insert into customers(id, first_name, last_name) values (213, 'Darlene', 'Gislason');
insert into customers(id, first_name, last_name) values (214, 'Lew', 'Heaney');
insert into customers(id, first_name, last_name) values (215, 'Myrl', 'O''Kon');
insert into customers(id, first_name, last_name) values (216, 'Bailey', 'Ernser');
insert into customers(id, first_name, last_name) values (217, 'Alva', 'Hagenes');
insert into customers(id, first_name, last_name) values (218, 'Aurelio', 'Jenkins');
insert into customers(id, first_name, last_name) values (219, 'Lucio', 'Halvorson');
insert into customers(id, first_name, last_name) values (220, 'Tyrese', 'Hermiston');
insert into customers(id, first_name, last_name) values (221, 'Joan', 'Dare');
insert into customers(id, first_name, last_name) values (222, 'Justice', 'Schaden');
insert into customers(id, first_name, last_name) values (223, 'Antonetta', 'Bernhard');
insert into customers(id, first_name, last_name) values (224, 'Icie', 'Schimmel');
insert into customers(id, first_name, last_name) values (225, 'Lois', 'Reilly');
insert into customers(id, first_name, last_name) values (226, 'Elwyn', 'Hahn');
insert into customers(id, first_name, last_name) values (227, 'Elnora', 'Steuber');
insert into customers(id, first_name, last_name) values (228, 'Dereck', 'Steuber');
insert into customers(id, first_name, last_name) values (229, 'Tyreek', 'Emmerich');
insert into customers(id, first_name, last_name) values (230, 'Evan', 'Sauer');
insert into customers(id, first_name, last_name) values (231, 'Jimmie', 'Pfeffer');
insert into customers(id, first_name, last_name) values (232, 'Nicole', 'Paucek');
insert into customers(id, first_name, last_name) values (233, 'Keith', 'Zboncak');
insert into customers(id, first_name, last_name) values (234, 'Maida', 'Bogan');
insert into customers(id, first_name, last_name) values (235, 'Winona', 'Deckow');
insert into customers(id, first_name, last_name) values (236, 'Andreanne', 'Murray');
insert into customers(id, first_name, last_name) values (237, 'Monty', 'Parisian');
insert into customers(id, first_name, last_name) values (238, 'Angelo', 'Schultz');
insert into customers(id, first_name, last_name) values (239, 'Abe', 'Roberts');
insert into customers(id, first_name, last_name) values (240, 'Lacy', 'McKenzie');
insert into customers(id, first_name, last_name) values (241, 'Zaria', 'Rohan');
insert into customers(id, first_name, last_name) values (242, 'Susana', 'Kuhic');
insert into customers(id, first_name, last_name) values (243, 'Khalil', 'Auer');
insert into customers(id, first_name, last_name) values (244, 'Pete', 'Olson');
insert into customers(id, first_name, last_name) values (245, 'Maegan', 'Harvey');
insert into customers(id, first_name, last_name) values (246, 'Weldon', 'Stoltenberg');
insert into customers(id, first_name, last_name) values (247, 'Jose', 'D''Amore');
insert into customers(id, first_name, last_name) values (248, 'Ciara', 'Hermann');
insert into customers(id, first_name, last_name) values (249, 'Myriam', 'Hodkiewicz');
insert into customers(id, first_name, last_name) values (250, 'Adella', 'Schuster');
insert into customers(id, first_name, last_name) values (251, 'Harrison', 'Rice');
insert into customers(id, first_name, last_name) values (252, 'Junior', 'Rath');
insert into customers(id, first_name, last_name) values (253, 'Mary', 'Tillman');
insert into customers(id, first_name, last_name) values (254, 'Theo', 'Hegmann');
insert into customers(id, first_name, last_name) values (255, 'Jaydon', 'Hahn');
insert into customers(id, first_name, last_name) values (256, 'Nels', 'Graham');
insert into customers(id, first_name, last_name) values (257, 'Marty', 'Thompson');
insert into customers(id, first_name, last_name) values (258, 'Eleanore', 'Mayert');
insert into customers(id, first_name, last_name) values (259, 'Trey', 'Harris');
insert into customers(id, first_name, last_name) values (260, 'Mariah', 'Reynolds');
insert into customers(id, first_name, last_name) values (261, 'Shanel', 'Stehr');
insert into customers(id, first_name, last_name) values (262, 'Adonis', 'Zieme');
insert into customers(id, first_name, last_name) values (263, 'Kendall', 'Hudson');
insert into customers(id, first_name, last_name) values (264, 'Eldon', 'Heaney');
insert into customers(id, first_name, last_name) values (265, 'Armando', 'Walker');
insert into customers(id, first_name, last_name) values (266, 'Isadore', 'Cronin');
insert into customers(id, first_name, last_name) values (267, 'Jarrett', 'Koepp');
insert into customers(id, first_name, last_name) values (268, 'Raleigh', 'Cummings');
insert into customers(id, first_name, last_name) values (269, 'Zetta', 'Spinka');
insert into customers(id, first_name, last_name) values (270, 'Nicholaus', 'Ratke');
insert into customers(id, first_name, last_name) values (271, 'Tillman', 'Mills');
insert into customers(id, first_name, last_name) values (272, 'Oswald', 'Stoltenberg');
insert into customers(id, first_name, last_name) values (273, 'Seth', 'Lubowitz');
insert into customers(id, first_name, last_name) values (274, 'Rachelle', 'Gleason');
insert into customers(id, first_name, last_name) values (275, 'Lucile', 'Rolfson');
insert into customers(id, first_name, last_name) values (276, 'Oma', 'Sipes');
insert into customers(id, first_name, last_name) values (277, 'Oren', 'Sanford');
insert into customers(id, first_name, last_name) values (278, 'Prudence', 'Koelpin');
insert into customers(id, first_name, last_name) values (279, 'Daryl', 'Padberg');
insert into customers(id, first_name, last_name) values (280, 'Dorian', 'Dicki');
insert into customers(id, first_name, last_name) values (281, 'Micheal', 'Berge');
insert into customers(id, first_name, last_name) values (282, 'Rossie', 'Walker');
insert into customers(id, first_name, last_name) values (283, 'Madison', 'Schultz');
insert into customers(id, first_name, last_name) values (284, 'Jaida', 'Daugherty');
insert into orders(id, customer_id, submit_date) values (1, 9, TO_TIMESTAMP('2022-03-01 16:19:35', 'YYYY-MM-DD HH24:MI:SS'));
insert into orders(id, customer_id, submit_date) values (2, 123, TO_TIMESTAMP('2022-02-23 15:40:50', 'YYYY-MM-DD HH24:MI:SS'));
insert into orders(id, customer_id, submit_date) values (3, 94, TO_TIMESTAMP('2021-11-29 19:21:15', 'YYYY-MM-DD HH24:MI:SS'));
insert into orders(id, customer_id, submit_date) values (4, 126, TO_TIMESTAMP('2021-06-04 02:15:46', 'YYYY-MM-DD HH24:MI:SS'));
insert into orders(id, customer_id, submit_date) values (5, 166, TO_TIMESTAMP('2022-01-29 10:58:02', 'YYYY-MM-DD HH24:MI:SS'));
insert into orders(id, customer_id, submit_date) values (6, 173, TO_TIMESTAMP('2022-04-18 00:0:29', 'YYYY-MM-DD HH24:MI:SS'));
insert into orders(id, customer_id, submit_date) values (7, 157, TO_TIMESTAMP('2022-03-02 09:47:41', 'YYYY-MM-DD HH24:MI:SS'));
insert into orders(id, customer_id, submit_date) values (8, 225, TO_TIMESTAMP('2022-05-22 19:56:21', 'YYYY-MM-DD HH24:MI:SS'));
insert into orders(id, customer_id, submit_date) values (9, 188, TO_TIMESTAMP('2022-04-21 11:37:27', 'YYYY-MM-DD HH24:MI:SS'));
insert into orders(id, customer_id, submit_date) values (10, 37, TO_TIMESTAMP('2022-03-02 23:38:37', 'YYYY-MM-DD HH24:MI:SS'));
insert into orders(id, customer_id, submit_date) values (11, 141, TO_TIMESTAMP('2021-08-15 22:12:23', 'YYYY-MM-DD HH24:MI:SS'));
insert into orders(id, customer_id, submit_date) values (12, 61, TO_TIMESTAMP('2022-03-17 00:24:53', 'YYYY-MM-DD HH24:MI:SS'));
insert into orders(id, customer_id, submit_date) values (13, 60, TO_TIMESTAMP('2021-09-04 23:7:41', 'YYYY-MM-DD HH24:MI:SS'));
insert into orders(id, customer_id, submit_date) values (14, 267, TO_TIMESTAMP('2021-07-18 18:11:31', 'YYYY-MM-DD HH24:MI:SS'));
insert into orders(id, customer_id, submit_date) values (15, 90, TO_TIMESTAMP('2021-10-07 08:46:47', 'YYYY-MM-DD HH24:MI:SS'));
insert into orders(id, customer_id, submit_date) values (16, 130, TO_TIMESTAMP('2021-07-28 05:12:26', 'YYYY-MM-DD HH24:MI:SS'));
insert into orders(id, customer_id, submit_date) values (17, 67, TO_TIMESTAMP('2022-02-05 23:45:00', 'YYYY-MM-DD HH24:MI:SS'));
insert into orders(id, customer_id, submit_date) values (18, 26, TO_TIMESTAMP('2022-02-09 04:41:57', 'YYYY-MM-DD HH24:MI:SS'));
insert into orders(id, customer_id, submit_date) values (19, 222, TO_TIMESTAMP('2021-10-05 05:7:01', 'YYYY-MM-DD HH24:MI:SS'));
insert into orders(id, customer_id, submit_date) values (20, 250, TO_TIMESTAMP('2021-10-26 07:3:07', 'YYYY-MM-DD HH24:MI:SS'));
insert into orders(id, customer_id, submit_date) values (21, 60, TO_TIMESTAMP('2021-11-18 09:48:29', 'YYYY-MM-DD HH24:MI:SS'));
insert into orders(id, customer_id, submit_date) values (22, 204, TO_TIMESTAMP('2022-05-06 13:51:01', 'YYYY-MM-DD HH24:MI:SS'));
insert into orders(id, customer_id, submit_date) values (23, 274, TO_TIMESTAMP('2021-08-26 02:11:32', 'YYYY-MM-DD HH24:MI:SS'));
insert into orders(id, customer_id, submit_date) values (24, 132, TO_TIMESTAMP('2021-06-03 05:56:48', 'YYYY-MM-DD HH24:MI:SS'));
insert into orders(id, customer_id, submit_date) values (25, 179, TO_TIMESTAMP('2021-11-15 18:19:45', 'YYYY-MM-DD HH24:MI:SS'));
insert into orders(id, customer_id, submit_date) values (26, 151, TO_TIMESTAMP('2021-06-17 07:33:32', 'YYYY-MM-DD HH24:MI:SS'));
insert into orders(id, customer_id, submit_date) values (27, 28, TO_TIMESTAMP('2021-11-16 07:29:54', 'YYYY-MM-DD HH24:MI:SS'));
insert into orders(id, customer_id, submit_date) values (28, 60, TO_TIMESTAMP('2021-10-14 09:14:34', 'YYYY-MM-DD HH24:MI:SS'));
insert into orders(id, customer_id, submit_date) values (29, 106, TO_TIMESTAMP('2022-01-12 08:1:36', 'YYYY-MM-DD HH24:MI:SS'));
insert into orders(id, customer_id, submit_date) values (30, 191, TO_TIMESTAMP('2022-03-28 09:9:02', 'YYYY-MM-DD HH24:MI:SS'));
insert into orders(id, customer_id, submit_date) values (31, 78, TO_TIMESTAMP('2022-05-05 20:4:55', 'YYYY-MM-DD HH24:MI:SS'));
insert into orders(id, customer_id, submit_date) values (32, 36, TO_TIMESTAMP('2022-03-26 07:11:11', 'YYYY-MM-DD HH24:MI:SS'));
insert into orders(id, customer_id, submit_date) values (33, 107, TO_TIMESTAMP('2022-03-18 12:35:41', 'YYYY-MM-DD HH24:MI:SS'));
insert into orders(id, customer_id, submit_date) values (34, 70, TO_TIMESTAMP('2021-12-26 19:42:46', 'YYYY-MM-DD HH24:MI:SS'));
insert into orders(id, customer_id, submit_date) values (35, 136, TO_TIMESTAMP('2022-05-18 15:55:57', 'YYYY-MM-DD HH24:MI:SS'));
insert into orders(id, customer_id, submit_date) values (36, 87, TO_TIMESTAMP('2021-07-10 11:34:40', 'YYYY-MM-DD HH24:MI:SS'));
insert into orders(id, customer_id, submit_date) values (37, 149, TO_TIMESTAMP('2022-01-08 04:11:25', 'YYYY-MM-DD HH24:MI:SS'));
insert into orders(id, customer_id, submit_date) values (38, 161, TO_TIMESTAMP('2021-06-24 07:50:17', 'YYYY-MM-DD HH24:MI:SS'));
insert into orders(id, customer_id, submit_date) values (39, 93, TO_TIMESTAMP('2021-12-29 13:41:50', 'YYYY-MM-DD HH24:MI:SS'));
insert into orders(id, customer_id, submit_date) values (40, 14, TO_TIMESTAMP('2021-10-19 04:8:33', 'YYYY-MM-DD HH24:MI:SS'));
insert into orders(id, customer_id, submit_date) values (41, 98, TO_TIMESTAMP('2022-03-12 13:18:28', 'YYYY-MM-DD HH24:MI:SS'));
insert into orders(id, customer_id, submit_date) values (42, 198, TO_TIMESTAMP('2022-02-01 17:33:09', 'YYYY-MM-DD HH24:MI:SS'));
insert into orders(id, customer_id, submit_date) values (43, 182, TO_TIMESTAMP('2022-03-01 22:0:12', 'YYYY-MM-DD HH24:MI:SS'));
insert into orders(id, customer_id, submit_date) values (44, 113, TO_TIMESTAMP('2021-08-01 03:20:08', 'YYYY-MM-DD HH24:MI:SS'));
insert into orders(id, customer_id, submit_date) values (45, 107, TO_TIMESTAMP('2021-12-01 01:33:17', 'YYYY-MM-DD HH24:MI:SS'));
insert into orders(id, customer_id, submit_date) values (46, 164, TO_TIMESTAMP('2022-04-24 19:36:57', 'YYYY-MM-DD HH24:MI:SS'));
insert into orders(id, customer_id, submit_date) values (47, 180, TO_TIMESTAMP('2021-12-21 17:39:25', 'YYYY-MM-DD HH24:MI:SS'));
insert into orders(id, customer_id, submit_date) values (48, 207, TO_TIMESTAMP('2022-03-12 19:59:33', 'YYYY-MM-DD HH24:MI:SS'));
insert into orders(id, customer_id, submit_date) values (49, 97, TO_TIMESTAMP('2021-11-18 08:54:18', 'YYYY-MM-DD HH24:MI:SS'));
insert into orders(id, customer_id, submit_date) values (50, 187, TO_TIMESTAMP('2022-02-04 03:20:16', 'YYYY-MM-DD HH24:MI:SS'));
insert into orders(id, customer_id, submit_date) values (51, 22, TO_TIMESTAMP('2021-07-22 10:28:55', 'YYYY-MM-DD HH24:MI:SS'));
insert into orders(id, customer_id, submit_date) values (52, 223, TO_TIMESTAMP('2022-04-12 10:56:40', 'YYYY-MM-DD HH24:MI:SS'));
insert into orders(id, customer_id, submit_date) values (53, 155, TO_TIMESTAMP('2021-07-14 08:47:32', 'YYYY-MM-DD HH24:MI:SS'));
insert into orders(id, customer_id, submit_date) values (54, 277, TO_TIMESTAMP('2022-02-26 06:21:37', 'YYYY-MM-DD HH24:MI:SS'));
insert into orders(id, customer_id, submit_date) values (55, 63, TO_TIMESTAMP('2021-12-25 22:2:43', 'YYYY-MM-DD HH24:MI:SS'));
insert into orders(id, customer_id, submit_date) values (56, 50, TO_TIMESTAMP('2021-08-29 01:54:53', 'YYYY-MM-DD HH24:MI:SS'));
insert into orders(id, customer_id, submit_date) values (57, 13, TO_TIMESTAMP('2021-11-15 23:55:14', 'YYYY-MM-DD HH24:MI:SS'));
insert into orders(id, customer_id, submit_date) values (58, 64, TO_TIMESTAMP('2022-04-23 08:33:45', 'YYYY-MM-DD HH24:MI:SS'));
insert into orders(id, customer_id, submit_date) values (59, 55, TO_TIMESTAMP('2021-10-08 06:47:16', 'YYYY-MM-DD HH24:MI:SS'));
insert into orders(id, customer_id, submit_date) values (60, 168, TO_TIMESTAMP('2022-02-01 11:50:17', 'YYYY-MM-DD HH24:MI:SS'));
insert into orders(id, customer_id, submit_date) values (61, 198, TO_TIMESTAMP('2022-03-16 04:16:42', 'YYYY-MM-DD HH24:MI:SS'));
insert into orders(id, customer_id, submit_date) values (62, 25, TO_TIMESTAMP('2021-10-16 08:5:15', 'YYYY-MM-DD HH24:MI:SS'));
insert into orders(id, customer_id, submit_date) values (63, 21, TO_TIMESTAMP('2021-06-22 15:14:46', 'YYYY-MM-DD HH24:MI:SS'));
insert into orders(id, customer_id, submit_date) values (64, 117, TO_TIMESTAMP('2021-09-24 22:2:04', 'YYYY-MM-DD HH24:MI:SS'));
insert into orders(id, customer_id, submit_date) values (65, 5, TO_TIMESTAMP('2021-11-16 17:48:13', 'YYYY-MM-DD HH24:MI:SS'));
insert into orders(id, customer_id, submit_date) values (66, 4, TO_TIMESTAMP('2021-12-10 08:54:53', 'YYYY-MM-DD HH24:MI:SS'));
insert into orders(id, customer_id, submit_date) values (67, 259, TO_TIMESTAMP('2021-09-14 20:14:45', 'YYYY-MM-DD HH24:MI:SS'));
insert into orders(id, customer_id, submit_date) values (68, 1, TO_TIMESTAMP('2021-10-13 10:30:16', 'YYYY-MM-DD HH24:MI:SS'));
insert into orders(id, customer_id, submit_date) values (69, 252, TO_TIMESTAMP('2021-10-16 03:44:00', 'YYYY-MM-DD HH24:MI:SS'));
insert into orders(id, customer_id, submit_date) values (70, 226, TO_TIMESTAMP('2021-09-22 03:9:19', 'YYYY-MM-DD HH24:MI:SS'));
insert into orders(id, customer_id, submit_date) values (71, 150, TO_TIMESTAMP('2022-03-12 05:19:25', 'YYYY-MM-DD HH24:MI:SS'));
insert into orders(id, customer_id, submit_date) values (72, 173, TO_TIMESTAMP('2021-09-08 06:32:01', 'YYYY-MM-DD HH24:MI:SS'));
insert into orders(id, customer_id, submit_date) values (73, 119, TO_TIMESTAMP('2022-03-07 22:1:35', 'YYYY-MM-DD HH24:MI:SS'));
insert into orders(id, customer_id, submit_date) values (74, 185, TO_TIMESTAMP('2021-10-25 07:44:31', 'YYYY-MM-DD HH24:MI:SS'));
insert into orders(id, customer_id, submit_date) values (75, 256, TO_TIMESTAMP('2021-08-23 08:16:15', 'YYYY-MM-DD HH24:MI:SS'));
insert into orders(id, customer_id, submit_date) values (76, 39, TO_TIMESTAMP('2021-09-18 04:21:58', 'YYYY-MM-DD HH24:MI:SS'));
insert into orders(id, customer_id, submit_date) values (77, 103, TO_TIMESTAMP('2021-11-18 17:42:41', 'YYYY-MM-DD HH24:MI:SS'));
insert into orders(id, customer_id, submit_date) values (78, 95, TO_TIMESTAMP('2021-08-09 16:23:06', 'YYYY-MM-DD HH24:MI:SS'));
insert into orders(id, customer_id, submit_date) values (79, 179, TO_TIMESTAMP('2022-01-20 08:47:06', 'YYYY-MM-DD HH24:MI:SS'));
insert into orders(id, customer_id, submit_date) values (80, 165, TO_TIMESTAMP('2021-09-22 23:38:03', 'YYYY-MM-DD HH24:MI:SS'));
insert into orders(id, customer_id, submit_date) values (81, 63, TO_TIMESTAMP('2021-08-22 20:56:38', 'YYYY-MM-DD HH24:MI:SS'));
insert into orders(id, customer_id, submit_date) values (82, 254, TO_TIMESTAMP('2022-02-11 13:16:48', 'YYYY-MM-DD HH24:MI:SS'));
insert into orders(id, customer_id, submit_date) values (83, 169, TO_TIMESTAMP('2022-04-24 08:0:45', 'YYYY-MM-DD HH24:MI:SS'));
insert into orders(id, customer_id, submit_date) values (84, 109, TO_TIMESTAMP('2022-03-24 14:59:45', 'YYYY-MM-DD HH24:MI:SS'));
insert into orders(id, customer_id, submit_date) values (85, 158, TO_TIMESTAMP('2022-05-17 16:53:39', 'YYYY-MM-DD HH24:MI:SS'));
insert into orders(id, customer_id, submit_date) values (86, 173, TO_TIMESTAMP('2022-03-21 06:50:23', 'YYYY-MM-DD HH24:MI:SS'));
insert into orders(id, customer_id, submit_date) values (87, 230, TO_TIMESTAMP('2022-04-01 13:25:13', 'YYYY-MM-DD HH24:MI:SS'));
insert into orders(id, customer_id, submit_date) values (88, 35, TO_TIMESTAMP('2021-11-08 18:27:35', 'YYYY-MM-DD HH24:MI:SS'));
insert into orders(id, customer_id, submit_date) values (89, 109, TO_TIMESTAMP('2021-12-12 19:17:41', 'YYYY-MM-DD HH24:MI:SS'));
insert into orders(id, customer_id, submit_date) values (90, 21, TO_TIMESTAMP('2022-05-21 16:42:10', 'YYYY-MM-DD HH24:MI:SS'));
insert into orders(id, customer_id, submit_date) values (91, 160, TO_TIMESTAMP('2021-08-27 13:43:14', 'YYYY-MM-DD HH24:MI:SS'));
insert into orders(id, customer_id, submit_date) values (92, 185, TO_TIMESTAMP('2022-05-30 02:18:47', 'YYYY-MM-DD HH24:MI:SS'));
insert into orders(id, customer_id, submit_date) values (93, 126, TO_TIMESTAMP('2022-01-25 13:52:33', 'YYYY-MM-DD HH24:MI:SS'));
insert into orders(id, customer_id, submit_date) values (94, 196, TO_TIMESTAMP('2022-02-14 18:29:09', 'YYYY-MM-DD HH24:MI:SS'));
insert into orders(id, customer_id, submit_date) values (95, 184, TO_TIMESTAMP('2021-11-11 06:56:23', 'YYYY-MM-DD HH24:MI:SS'));
insert into orders(id, customer_id, submit_date) values (96, 178, TO_TIMESTAMP('2022-02-17 17:7:53', 'YYYY-MM-DD HH24:MI:SS'));
insert into orders(id, customer_id, submit_date) values (97, 16, TO_TIMESTAMP('2022-04-18 22:2:45', 'YYYY-MM-DD HH24:MI:SS'));
insert into orders(id, customer_id, submit_date) values (98, 238, TO_TIMESTAMP('2022-02-22 12:37:22', 'YYYY-MM-DD HH24:MI:SS'));
insert into orders(id, customer_id, submit_date) values (99, 112, TO_TIMESTAMP('2022-03-18 06:6:17', 'YYYY-MM-DD HH24:MI:SS'));
insert into orders(id, customer_id, submit_date) values (100, 219, TO_TIMESTAMP('2022-03-09 05:45:35', 'YYYY-MM-DD HH24:MI:SS'));
insert into orders(id, customer_id, submit_date) values (101, 71, TO_TIMESTAMP('2021-09-06 22:34:21', 'YYYY-MM-DD HH24:MI:SS'));
insert into orders(id, customer_id, submit_date) values (102, 245, TO_TIMESTAMP('2021-11-03 13:27:21', 'YYYY-MM-DD HH24:MI:SS'));
insert into orders(id, customer_id, submit_date) values (103, 105, TO_TIMESTAMP('2021-11-21 14:55:07', 'YYYY-MM-DD HH24:MI:SS'));
insert into orders(id, customer_id, submit_date) values (104, 22, TO_TIMESTAMP('2022-02-10 12:33:22', 'YYYY-MM-DD HH24:MI:SS'));
insert into orders(id, customer_id, submit_date) values (105, 4, TO_TIMESTAMP('2021-07-25 13:18:57', 'YYYY-MM-DD HH24:MI:SS'));
insert into orders(id, customer_id, submit_date) values (106, 60, TO_TIMESTAMP('2022-03-14 08:30:09', 'YYYY-MM-DD HH24:MI:SS'));
insert into orders(id, customer_id, submit_date) values (107, 182, TO_TIMESTAMP('2021-09-15 10:57:55', 'YYYY-MM-DD HH24:MI:SS'));
insert into orders(id, customer_id, submit_date) values (108, 234, TO_TIMESTAMP('2022-03-27 16:52:23', 'YYYY-MM-DD HH24:MI:SS'));
insert into orders(id, customer_id, submit_date) values (109, 207, TO_TIMESTAMP('2021-12-11 21:16:50', 'YYYY-MM-DD HH24:MI:SS'));
insert into orders(id, customer_id, submit_date) values (110, 234, TO_TIMESTAMP('2022-05-10 01:20:08', 'YYYY-MM-DD HH24:MI:SS'));
insert into orders(id, customer_id, submit_date) values (111, 157, TO_TIMESTAMP('2021-11-11 13:36:08', 'YYYY-MM-DD HH24:MI:SS'));
insert into orders(id, customer_id, submit_date) values (112, 280, TO_TIMESTAMP('2022-05-11 16:18:31', 'YYYY-MM-DD HH24:MI:SS'));
insert into orders(id, customer_id, submit_date) values (113, 264, TO_TIMESTAMP('2021-06-24 08:42:38', 'YYYY-MM-DD HH24:MI:SS'));
insert into orders(id, customer_id, submit_date) values (114, 248, TO_TIMESTAMP('2021-10-18 02:48:45', 'YYYY-MM-DD HH24:MI:SS'));
insert into orders(id, customer_id, submit_date) values (115, 161, TO_TIMESTAMP('2021-08-19 16:56:55', 'YYYY-MM-DD HH24:MI:SS'));
insert into orders(id, customer_id, submit_date) values (116, 278, TO_TIMESTAMP('2021-07-08 00:27:17', 'YYYY-MM-DD HH24:MI:SS'));
insert into orders(id, customer_id, submit_date) values (117, 93, TO_TIMESTAMP('2022-01-21 13:16:32', 'YYYY-MM-DD HH24:MI:SS'));
insert into orders(id, customer_id, submit_date) values (118, 32, TO_TIMESTAMP('2022-03-14 08:58:41', 'YYYY-MM-DD HH24:MI:SS'));
insert into orders(id, customer_id, submit_date) values (119, 271, TO_TIMESTAMP('2022-01-25 16:54:16', 'YYYY-MM-DD HH24:MI:SS'));
insert into orders(id, customer_id, submit_date) values (120, 273, TO_TIMESTAMP('2022-01-24 21:53:07', 'YYYY-MM-DD HH24:MI:SS'));
insert into orders(id, customer_id, submit_date) values (121, 76, TO_TIMESTAMP('2021-09-20 10:58:11', 'YYYY-MM-DD HH24:MI:SS'));
insert into orders(id, customer_id, submit_date) values (122, 270, TO_TIMESTAMP('2021-12-29 20:2:22', 'YYYY-MM-DD HH24:MI:SS'));
insert into orders(id, customer_id, submit_date) values (123, 22, TO_TIMESTAMP('2021-08-24 23:19:22', 'YYYY-MM-DD HH24:MI:SS'));
insert into orders(id, customer_id, submit_date) values (124, 131, TO_TIMESTAMP('2021-07-13 18:49:14', 'YYYY-MM-DD HH24:MI:SS'));
insert into orders(id, customer_id, submit_date) values (125, 61, TO_TIMESTAMP('2022-04-30 20:25:12', 'YYYY-MM-DD HH24:MI:SS'));
insert into orders(id, customer_id, submit_date) values (126, 129, TO_TIMESTAMP('2022-03-28 19:48:20', 'YYYY-MM-DD HH24:MI:SS'));
insert into orders(id, customer_id, submit_date) values (127, 103, TO_TIMESTAMP('2022-05-06 05:27:12', 'YYYY-MM-DD HH24:MI:SS'));
insert into orders(id, customer_id, submit_date) values (128, 84, TO_TIMESTAMP('2021-12-30 22:59:55', 'YYYY-MM-DD HH24:MI:SS'));
insert into orders(id, customer_id, submit_date) values (129, 78, TO_TIMESTAMP('2022-02-09 22:57:45', 'YYYY-MM-DD HH24:MI:SS'));
insert into orders(id, customer_id, submit_date) values (130, 50, TO_TIMESTAMP('2021-09-27 23:29:50', 'YYYY-MM-DD HH24:MI:SS'));
insert into orders(id, customer_id, submit_date) values (131, 245, TO_TIMESTAMP('2021-10-28 08:7:06', 'YYYY-MM-DD HH24:MI:SS'));
insert into orders(id, customer_id, submit_date) values (132, 232, TO_TIMESTAMP('2021-11-12 15:39:01', 'YYYY-MM-DD HH24:MI:SS'));
insert into orders(id, customer_id, submit_date) values (133, 131, TO_TIMESTAMP('2022-03-18 13:42:15', 'YYYY-MM-DD HH24:MI:SS'));
insert into orders(id, customer_id, submit_date) values (134, 145, TO_TIMESTAMP('2022-01-15 03:38:32', 'YYYY-MM-DD HH24:MI:SS'));
insert into orders(id, customer_id, submit_date) values (135, 1, TO_TIMESTAMP('2021-11-26 12:48:44', 'YYYY-MM-DD HH24:MI:SS'));
insert into orders(id, customer_id, submit_date) values (136, 95, TO_TIMESTAMP('2021-08-24 17:20:10', 'YYYY-MM-DD HH24:MI:SS'));
insert into orders(id, customer_id, submit_date) values (137, 141, TO_TIMESTAMP('2021-10-16 03:19:41', 'YYYY-MM-DD HH24:MI:SS'));
insert into orders(id, customer_id, submit_date) values (138, 26, TO_TIMESTAMP('2021-12-25 11:0:51', 'YYYY-MM-DD HH24:MI:SS'));
insert into orders(id, customer_id, submit_date) values (139, 186, TO_TIMESTAMP('2021-11-12 13:37:39', 'YYYY-MM-DD HH24:MI:SS'));
insert into orders(id, customer_id, submit_date) values (140, 241, TO_TIMESTAMP('2021-07-31 21:43:17', 'YYYY-MM-DD HH24:MI:SS'));
insert into orders(id, customer_id, submit_date) values (141, 165, TO_TIMESTAMP('2021-12-03 02:7:23', 'YYYY-MM-DD HH24:MI:SS'));
insert into orders(id, customer_id, submit_date) values (142, 119, TO_TIMESTAMP('2021-11-12 13:44:16', 'YYYY-MM-DD HH24:MI:SS'));
insert into orders(id, customer_id, submit_date) values (143, 45, TO_TIMESTAMP('2021-09-27 08:0:33', 'YYYY-MM-DD HH24:MI:SS'));
insert into orders(id, customer_id, submit_date) values (144, 77, TO_TIMESTAMP('2021-10-07 21:3:55', 'YYYY-MM-DD HH24:MI:SS'));
insert into orders(id, customer_id, submit_date) values (145, 82, TO_TIMESTAMP('2021-07-17 23:33:28', 'YYYY-MM-DD HH24:MI:SS'));
insert into orders(id, customer_id, submit_date) values (146, 128, TO_TIMESTAMP('2022-02-26 05:32:20', 'YYYY-MM-DD HH24:MI:SS'));
insert into orders(id, customer_id, submit_date) values (147, 70, TO_TIMESTAMP('2021-09-10 02:11:34', 'YYYY-MM-DD HH24:MI:SS'));
insert into orders(id, customer_id, submit_date) values (148, 269, TO_TIMESTAMP('2021-12-11 02:35:36', 'YYYY-MM-DD HH24:MI:SS'));
insert into orders(id, customer_id, submit_date) values (149, 115, TO_TIMESTAMP('2021-09-16 00:45:56', 'YYYY-MM-DD HH24:MI:SS'));
insert into orders(id, customer_id, submit_date) values (150, 21, TO_TIMESTAMP('2021-10-31 10:8:01', 'YYYY-MM-DD HH24:MI:SS'));
insert into orders(id, customer_id, submit_date) values (151, 83, TO_TIMESTAMP('2022-05-14 14:1:16', 'YYYY-MM-DD HH24:MI:SS'));
insert into orders(id, customer_id, submit_date) values (152, 84, TO_TIMESTAMP('2022-02-06 17:21:15', 'YYYY-MM-DD HH24:MI:SS'));
insert into orders(id, customer_id, submit_date) values (153, 72, TO_TIMESTAMP('2022-04-28 07:6:12', 'YYYY-MM-DD HH24:MI:SS'));
insert into orders(id, customer_id, submit_date) values (154, 259, TO_TIMESTAMP('2021-08-29 14:53:50', 'YYYY-MM-DD HH24:MI:SS'));
insert into orders(id, customer_id, submit_date) values (155, 33, TO_TIMESTAMP('2021-07-11 15:3:15', 'YYYY-MM-DD HH24:MI:SS'));
insert into orders(id, customer_id, submit_date) values (156, 210, TO_TIMESTAMP('2021-10-23 06:45:06', 'YYYY-MM-DD HH24:MI:SS'));
insert into orders(id, customer_id, submit_date) values (157, 176, TO_TIMESTAMP('2021-12-05 23:6:05', 'YYYY-MM-DD HH24:MI:SS'));
insert into orders(id, customer_id, submit_date) values (158, 16, TO_TIMESTAMP('2021-12-14 14:27:56', 'YYYY-MM-DD HH24:MI:SS'));
insert into orders(id, customer_id, submit_date) values (159, 72, TO_TIMESTAMP('2022-02-21 00:6:44', 'YYYY-MM-DD HH24:MI:SS'));
insert into orders(id, customer_id, submit_date) values (160, 215, TO_TIMESTAMP('2022-02-08 16:9:01', 'YYYY-MM-DD HH24:MI:SS'));
insert into orders(id, customer_id, submit_date) values (161, 181, TO_TIMESTAMP('2021-10-12 00:31:06', 'YYYY-MM-DD HH24:MI:SS'));
insert into orders(id, customer_id, submit_date) values (162, 212, TO_TIMESTAMP('2021-10-11 23:31:03', 'YYYY-MM-DD HH24:MI:SS'));
insert into orders(id, customer_id, submit_date) values (163, 56, TO_TIMESTAMP('2021-06-11 03:26:58', 'YYYY-MM-DD HH24:MI:SS'));
insert into orders(id, customer_id, submit_date) values (164, 266, TO_TIMESTAMP('2021-06-04 08:12:32', 'YYYY-MM-DD HH24:MI:SS'));
insert into orders(id, customer_id, submit_date) values (165, 50, TO_TIMESTAMP('2021-06-28 19:40:45', 'YYYY-MM-DD HH24:MI:SS'));
insert into orders(id, customer_id, submit_date) values (166, 193, TO_TIMESTAMP('2021-10-20 14:37:23', 'YYYY-MM-DD HH24:MI:SS'));
insert into orders(id, customer_id, submit_date) values (167, 101, TO_TIMESTAMP('2021-10-05 17:44:24', 'YYYY-MM-DD HH24:MI:SS'));
insert into orders(id, customer_id, submit_date) values (168, 30, TO_TIMESTAMP('2021-06-01 01:15:36', 'YYYY-MM-DD HH24:MI:SS'));
insert into orders(id, customer_id, submit_date) values (169, 69, TO_TIMESTAMP('2022-01-30 12:11:21', 'YYYY-MM-DD HH24:MI:SS'));
insert into orders(id, customer_id, submit_date) values (170, 136, TO_TIMESTAMP('2021-06-01 13:45:45', 'YYYY-MM-DD HH24:MI:SS'));
insert into orders(id, customer_id, submit_date) values (171, 282, TO_TIMESTAMP('2022-04-18 22:23:24', 'YYYY-MM-DD HH24:MI:SS'));
insert into orders(id, customer_id, submit_date) values (172, 66, TO_TIMESTAMP('2022-04-18 12:0:04', 'YYYY-MM-DD HH24:MI:SS'));
insert into orders(id, customer_id, submit_date) values (173, 247, TO_TIMESTAMP('2022-04-23 19:36:03', 'YYYY-MM-DD HH24:MI:SS'));
insert into orders(id, customer_id, submit_date) values (174, 245, TO_TIMESTAMP('2021-07-21 07:26:07', 'YYYY-MM-DD HH24:MI:SS'));
insert into orders(id, customer_id, submit_date) values (175, 226, TO_TIMESTAMP('2022-04-27 14:28:37', 'YYYY-MM-DD HH24:MI:SS'));
insert into orders(id, customer_id, submit_date) values (176, 268, TO_TIMESTAMP('2022-02-24 19:53:30', 'YYYY-MM-DD HH24:MI:SS'));
insert into orders(id, customer_id, submit_date) values (177, 25, TO_TIMESTAMP('2021-11-28 22:42:31', 'YYYY-MM-DD HH24:MI:SS'));
insert into orders(id, customer_id, submit_date) values (178, 146, TO_TIMESTAMP('2022-02-15 14:36:43', 'YYYY-MM-DD HH24:MI:SS'));
insert into orders(id, customer_id, submit_date) values (179, 241, TO_TIMESTAMP('2022-02-25 06:57:03', 'YYYY-MM-DD HH24:MI:SS'));
insert into orders(id, customer_id, submit_date) values (180, 65, TO_TIMESTAMP('2021-10-30 07:24:50', 'YYYY-MM-DD HH24:MI:SS'));
insert into orders(id, customer_id, submit_date) values (181, 135, TO_TIMESTAMP('2022-05-20 11:20:31', 'YYYY-MM-DD HH24:MI:SS'));
insert into orders(id, customer_id, submit_date) values (182, 87, TO_TIMESTAMP('2021-11-19 09:5:03', 'YYYY-MM-DD HH24:MI:SS'));
insert into orders(id, customer_id, submit_date) values (183, 115, TO_TIMESTAMP('2021-11-14 19:39:55', 'YYYY-MM-DD HH24:MI:SS'));
insert into orders(id, customer_id, submit_date) values (184, 239, TO_TIMESTAMP('2021-10-15 04:57:35', 'YYYY-MM-DD HH24:MI:SS'));
insert into orders(id, customer_id, submit_date) values (185, 162, TO_TIMESTAMP('2021-06-02 14:51:45', 'YYYY-MM-DD HH24:MI:SS'));
insert into orders(id, customer_id, submit_date) values (186, 170, TO_TIMESTAMP('2021-12-15 23:55:42', 'YYYY-MM-DD HH24:MI:SS'));
insert into orders(id, customer_id, submit_date) values (187, 130, TO_TIMESTAMP('2021-06-11 14:23:32', 'YYYY-MM-DD HH24:MI:SS'));
insert into orders(id, customer_id, submit_date) values (188, 185, TO_TIMESTAMP('2021-07-17 18:54:51', 'YYYY-MM-DD HH24:MI:SS'));
insert into orders(id, customer_id, submit_date) values (189, 281, TO_TIMESTAMP('2022-01-17 18:0:31', 'YYYY-MM-DD HH24:MI:SS'));
insert into orders(id, customer_id, submit_date) values (190, 16, TO_TIMESTAMP('2022-05-08 06:59:37', 'YYYY-MM-DD HH24:MI:SS'));
insert into orders(id, customer_id, submit_date) values (191, 58, TO_TIMESTAMP('2022-03-27 02:48:09', 'YYYY-MM-DD HH24:MI:SS'));
insert into orders(id, customer_id, submit_date) values (192, 272, TO_TIMESTAMP('2021-11-02 05:57:00', 'YYYY-MM-DD HH24:MI:SS'));
insert into orders(id, customer_id, submit_date) values (193, 151, TO_TIMESTAMP('2022-05-17 02:46:12', 'YYYY-MM-DD HH24:MI:SS'));
insert into orders(id, customer_id, submit_date) values (194, 148, TO_TIMESTAMP('2022-01-08 05:29:00', 'YYYY-MM-DD HH24:MI:SS'));
insert into orders(id, customer_id, submit_date) values (195, 265, TO_TIMESTAMP('2022-05-28 00:11:27', 'YYYY-MM-DD HH24:MI:SS'));
insert into orders(id, customer_id, submit_date) values (196, 242, TO_TIMESTAMP('2021-08-29 21:38:59', 'YYYY-MM-DD HH24:MI:SS'));
insert into orders(id, customer_id, submit_date) values (197, 50, TO_TIMESTAMP('2021-12-23 20:34:36', 'YYYY-MM-DD HH24:MI:SS'));
insert into orders(id, customer_id, submit_date) values (198, 129, TO_TIMESTAMP('2022-05-11 02:34:42', 'YYYY-MM-DD HH24:MI:SS'));
insert into orders(id, customer_id, submit_date) values (199, 277, TO_TIMESTAMP('2021-06-21 14:14:41', 'YYYY-MM-DD HH24:MI:SS'));
insert into orders(id, customer_id, submit_date) values (200, 217, TO_TIMESTAMP('2021-07-07 02:42:54', 'YYYY-MM-DD HH24:MI:SS'));
insert into orders(id, customer_id, submit_date) values (201, 234, TO_TIMESTAMP('2022-02-10 19:9:21', 'YYYY-MM-DD HH24:MI:SS'));
insert into orders(id, customer_id, submit_date) values (202, 180, TO_TIMESTAMP('2021-06-06 12:18:57', 'YYYY-MM-DD HH24:MI:SS'));
insert into orders(id, customer_id, submit_date) values (203, 270, TO_TIMESTAMP('2022-02-17 21:40:13', 'YYYY-MM-DD HH24:MI:SS'));
insert into orders(id, customer_id, submit_date) values (204, 24, TO_TIMESTAMP('2021-11-27 17:53:19', 'YYYY-MM-DD HH24:MI:SS'));
insert into orders(id, customer_id, submit_date) values (205, 161, TO_TIMESTAMP('2021-12-05 04:8:35', 'YYYY-MM-DD HH24:MI:SS'));
insert into orders(id, customer_id, submit_date) values (206, 168, TO_TIMESTAMP('2022-01-24 21:18:29', 'YYYY-MM-DD HH24:MI:SS'));
insert into orders(id, customer_id, submit_date) values (208, 163, TO_TIMESTAMP('2022-05-25 16:7:28', 'YYYY-MM-DD HH24:MI:SS'));
insert into orders(id, customer_id, submit_date) values (209, 147, TO_TIMESTAMP('2021-10-27 11:9:50', 'YYYY-MM-DD HH24:MI:SS'));
insert into orders(id, customer_id, submit_date) values (210, 180, TO_TIMESTAMP('2022-02-07 23:11:17', 'YYYY-MM-DD HH24:MI:SS'));
insert into orders(id, customer_id, submit_date) values (211, 171, TO_TIMESTAMP('2021-07-03 01:18:52', 'YYYY-MM-DD HH24:MI:SS'));
insert into orders(id, customer_id, submit_date) values (212, 279, TO_TIMESTAMP('2022-02-26 17:58:01', 'YYYY-MM-DD HH24:MI:SS'));
insert into orders(id, customer_id, submit_date) values (213, 75, TO_TIMESTAMP('2021-07-28 16:23:10', 'YYYY-MM-DD HH24:MI:SS'));
insert into orders(id, customer_id, submit_date) values (214, 107, TO_TIMESTAMP('2021-08-17 09:45:58', 'YYYY-MM-DD HH24:MI:SS'));
insert into orders(id, customer_id, submit_date) values (215, 49, TO_TIMESTAMP('2021-08-18 21:40:57', 'YYYY-MM-DD HH24:MI:SS'));
insert into orders(id, customer_id, submit_date) values (216, 46, TO_TIMESTAMP('2022-05-04 04:53:42', 'YYYY-MM-DD HH24:MI:SS'));
insert into orders(id, customer_id, submit_date) values (217, 196, TO_TIMESTAMP('2021-08-13 17:2:23', 'YYYY-MM-DD HH24:MI:SS'));
insert into orders(id, customer_id, submit_date) values (218, 206, TO_TIMESTAMP('2021-06-28 23:48:58', 'YYYY-MM-DD HH24:MI:SS'));
insert into orders(id, customer_id, submit_date) values (219, 166, TO_TIMESTAMP('2022-03-25 17:4:39', 'YYYY-MM-DD HH24:MI:SS'));
insert into orders(id, customer_id, submit_date) values (220, 186, TO_TIMESTAMP('2022-04-12 01:24:21', 'YYYY-MM-DD HH24:MI:SS'));
insert into orders(id, customer_id, submit_date) values (221, 142, TO_TIMESTAMP('2021-11-28 07:59:08', 'YYYY-MM-DD HH24:MI:SS'));
insert into orders(id, customer_id, submit_date) values (222, 74, TO_TIMESTAMP('2022-03-11 16:58:50', 'YYYY-MM-DD HH24:MI:SS'));
insert into orders(id, customer_id, submit_date) values (223, 156, TO_TIMESTAMP('2021-08-26 03:56:34', 'YYYY-MM-DD HH24:MI:SS'));
insert into orders(id, customer_id, submit_date) values (224, 275, TO_TIMESTAMP('2021-12-16 04:43:59', 'YYYY-MM-DD HH24:MI:SS'));
insert into orders(id, customer_id, submit_date) values (225, 165, TO_TIMESTAMP('2022-05-03 22:54:31', 'YYYY-MM-DD HH24:MI:SS'));
insert into orders(id, customer_id, submit_date) values (226, 207, TO_TIMESTAMP('2021-09-17 12:11:20', 'YYYY-MM-DD HH24:MI:SS'));
insert into orders(id, customer_id, submit_date) values (227, 158, TO_TIMESTAMP('2021-11-16 07:1:18', 'YYYY-MM-DD HH24:MI:SS'));
insert into orders(id, customer_id, submit_date) values (228, 71, TO_TIMESTAMP('2021-09-18 07:56:10', 'YYYY-MM-DD HH24:MI:SS'));
insert into orders(id, customer_id, submit_date) values (229, 249, TO_TIMESTAMP('2021-10-27 09:14:13', 'YYYY-MM-DD HH24:MI:SS'));
insert into orders(id, customer_id, submit_date) values (230, 5, TO_TIMESTAMP('2021-06-19 12:11:26', 'YYYY-MM-DD HH24:MI:SS'));
insert into orders(id, customer_id, submit_date) values (231, 274, TO_TIMESTAMP('2022-01-08 19:6:34', 'YYYY-MM-DD HH24:MI:SS'));
insert into orders(id, customer_id, submit_date) values (232, 187, TO_TIMESTAMP('2021-11-19 02:19:21', 'YYYY-MM-DD HH24:MI:SS'));
insert into orders(id, customer_id, submit_date) values (233, 177, TO_TIMESTAMP('2021-11-08 21:13:11', 'YYYY-MM-DD HH24:MI:SS'));
insert into orders(id, customer_id, submit_date) values (234, 193, TO_TIMESTAMP('2022-04-23 18:24:50', 'YYYY-MM-DD HH24:MI:SS'));
insert into orders(id, customer_id, submit_date) values (235, 275, TO_TIMESTAMP('2021-10-06 12:21:59', 'YYYY-MM-DD HH24:MI:SS'));
insert into orders(id, customer_id, submit_date) values (236, 91, TO_TIMESTAMP('2021-08-09 07:30:54', 'YYYY-MM-DD HH24:MI:SS'));
insert into orders(id, customer_id, submit_date) values (237, 57, TO_TIMESTAMP('2022-05-03 01:50:14', 'YYYY-MM-DD HH24:MI:SS'));
insert into orders(id, customer_id, submit_date) values (238, 33, TO_TIMESTAMP('2022-01-11 15:20:27', 'YYYY-MM-DD HH24:MI:SS'));
insert into orders(id, customer_id, submit_date) values (239, 96, TO_TIMESTAMP('2021-06-10 06:30:09', 'YYYY-MM-DD HH24:MI:SS'));
insert into orders(id, customer_id, submit_date) values (240, 248, TO_TIMESTAMP('2022-01-07 03:46:01', 'YYYY-MM-DD HH24:MI:SS'));
insert into orders(id, customer_id, submit_date) values (241, 10, TO_TIMESTAMP('2022-05-13 05:56:44', 'YYYY-MM-DD HH24:MI:SS'));
insert into orders(id, customer_id, submit_date) values (242, 79, TO_TIMESTAMP('2021-09-02 17:9:08', 'YYYY-MM-DD HH24:MI:SS'));
insert into orders(id, customer_id, submit_date) values (243, 96, TO_TIMESTAMP('2022-02-25 13:28:12', 'YYYY-MM-DD HH24:MI:SS'));
insert into orders(id, customer_id, submit_date) values (244, 180, TO_TIMESTAMP('2021-07-20 20:39:03', 'YYYY-MM-DD HH24:MI:SS'));
insert into orders(id, customer_id, submit_date) values (245, 31, TO_TIMESTAMP('2022-05-04 07:55:17', 'YYYY-MM-DD HH24:MI:SS'));
insert into orders(id, customer_id, submit_date) values (246, 269, TO_TIMESTAMP('2021-06-30 06:38:02', 'YYYY-MM-DD HH24:MI:SS'));
insert into orders(id, customer_id, submit_date) values (247, 68, TO_TIMESTAMP('2022-05-09 09:11:06', 'YYYY-MM-DD HH24:MI:SS'));
insert into orders(id, customer_id, submit_date) values (248, 34, TO_TIMESTAMP('2021-06-04 11:1:45', 'YYYY-MM-DD HH24:MI:SS'));
insert into orders(id, customer_id, submit_date) values (249, 41, TO_TIMESTAMP('2022-03-25 05:42:19', 'YYYY-MM-DD HH24:MI:SS'));
insert into orders(id, customer_id, submit_date) values (250, 68, TO_TIMESTAMP('2022-04-16 09:7:33', 'YYYY-MM-DD HH24:MI:SS'));
insert into orders(id, customer_id, submit_date) values (251, 154, TO_TIMESTAMP('2022-05-01 23:24:56', 'YYYY-MM-DD HH24:MI:SS'));
insert into orders(id, customer_id, submit_date) values (252, 23, TO_TIMESTAMP('2021-06-02 01:35:06', 'YYYY-MM-DD HH24:MI:SS'));
insert into orders(id, customer_id, submit_date) values (253, 68, TO_TIMESTAMP('2021-10-11 09:33:47', 'YYYY-MM-DD HH24:MI:SS'));
insert into orders(id, customer_id, submit_date) values (254, 161, TO_TIMESTAMP('2021-12-26 19:5:20', 'YYYY-MM-DD HH24:MI:SS'));
insert into orders(id, customer_id, submit_date) values (255, 275, TO_TIMESTAMP('2021-12-23 00:59:00', 'YYYY-MM-DD HH24:MI:SS'));
insert into orders(id, customer_id, submit_date) values (256, 254, TO_TIMESTAMP('2022-01-05 23:30:39', 'YYYY-MM-DD HH24:MI:SS'));
insert into orders(id, customer_id, submit_date) values (257, 57, TO_TIMESTAMP('2021-08-26 00:15:49', 'YYYY-MM-DD HH24:MI:SS'));
insert into orders(id, customer_id, submit_date) values (258, 87, TO_TIMESTAMP('2021-10-02 14:5:06', 'YYYY-MM-DD HH24:MI:SS'));
insert into orders(id, customer_id, submit_date) values (259, 210, TO_TIMESTAMP('2021-11-23 09:46:08', 'YYYY-MM-DD HH24:MI:SS'));
insert into orders(id, customer_id, submit_date) values (260, 204, TO_TIMESTAMP('2022-02-21 11:4:36', 'YYYY-MM-DD HH24:MI:SS'));
insert into orders(id, customer_id, submit_date) values (261, 260, TO_TIMESTAMP('2021-11-03 21:28:50', 'YYYY-MM-DD HH24:MI:SS'));
insert into orders(id, customer_id, submit_date) values (262, 80, TO_TIMESTAMP('2021-07-07 03:59:26', 'YYYY-MM-DD HH24:MI:SS'));
insert into orders(id, customer_id, submit_date) values (263, 15, TO_TIMESTAMP('2021-11-26 05:17:23', 'YYYY-MM-DD HH24:MI:SS'));
insert into orders(id, customer_id, submit_date) values (264, 53, TO_TIMESTAMP('2022-04-06 07:5:33', 'YYYY-MM-DD HH24:MI:SS'));
insert into orders(id, customer_id, submit_date) values (265, 72, TO_TIMESTAMP('2022-05-30 21:55:55', 'YYYY-MM-DD HH24:MI:SS'));
insert into orders(id, customer_id, submit_date) values (266, 259, TO_TIMESTAMP('2022-05-11 04:38:01', 'YYYY-MM-DD HH24:MI:SS'));
insert into orders(id, customer_id, submit_date) values (267, 217, TO_TIMESTAMP('2021-08-06 00:54:47', 'YYYY-MM-DD HH24:MI:SS'));
insert into orders(id, customer_id, submit_date) values (268, 203, TO_TIMESTAMP('2022-05-09 18:50:55', 'YYYY-MM-DD HH24:MI:SS'));
insert into orders(id, customer_id, submit_date) values (269, 31, TO_TIMESTAMP('2021-09-12 07:5:26', 'YYYY-MM-DD HH24:MI:SS'));
insert into orders(id, customer_id, submit_date) values (270, 212, TO_TIMESTAMP('2022-01-11 08:6:43', 'YYYY-MM-DD HH24:MI:SS'));
insert into orders(id, customer_id, submit_date) values (271, 24, TO_TIMESTAMP('2022-04-19 06:27:09', 'YYYY-MM-DD HH24:MI:SS'));
insert into orders(id, customer_id, submit_date) values (272, 248, TO_TIMESTAMP('2021-10-19 08:47:17', 'YYYY-MM-DD HH24:MI:SS'));
insert into orders(id, customer_id, submit_date) values (273, 242, TO_TIMESTAMP('2022-01-24 17:19:03', 'YYYY-MM-DD HH24:MI:SS'));
insert into orders(id, customer_id, submit_date) values (274, 137, TO_TIMESTAMP('2022-01-10 11:12:11', 'YYYY-MM-DD HH24:MI:SS'));
insert into orders(id, customer_id, submit_date) values (275, 259, TO_TIMESTAMP('2021-06-03 16:26:28', 'YYYY-MM-DD HH24:MI:SS'));
insert into orders(id, customer_id, submit_date) values (276, 65, TO_TIMESTAMP('2021-10-11 16:35:42', 'YYYY-MM-DD HH24:MI:SS'));
insert into orders(id, customer_id, submit_date) values (277, 39, TO_TIMESTAMP('2022-02-01 00:26:09', 'YYYY-MM-DD HH24:MI:SS'));
insert into orders(id, customer_id, submit_date) values (278, 186, TO_TIMESTAMP('2021-08-18 22:32:39', 'YYYY-MM-DD HH24:MI:SS'));
insert into orders(id, customer_id, submit_date) values (279, 241, TO_TIMESTAMP('2022-05-02 03:11:42', 'YYYY-MM-DD HH24:MI:SS'));
insert into orders(id, customer_id, submit_date) values (280, 120, TO_TIMESTAMP('2021-09-16 11:25:25', 'YYYY-MM-DD HH24:MI:SS'));
insert into orders(id, customer_id, submit_date) values (281, 130, TO_TIMESTAMP('2022-03-26 11:5:03', 'YYYY-MM-DD HH24:MI:SS'));
insert into orders(id, customer_id, submit_date) values (282, 265, TO_TIMESTAMP('2021-06-10 09:23:30', 'YYYY-MM-DD HH24:MI:SS'));
insert into orders(id, customer_id, submit_date) values (283, 118, TO_TIMESTAMP('2021-09-21 00:0:23', 'YYYY-MM-DD HH24:MI:SS'));
insert into orders(id, customer_id, submit_date) values (284, 236, TO_TIMESTAMP('2022-01-03 18:26:14', 'YYYY-MM-DD HH24:MI:SS'));
insert into orders(id, customer_id, submit_date) values (285, 52, TO_TIMESTAMP('2022-05-03 10:4:44', 'YYYY-MM-DD HH24:MI:SS'));
insert into orders(id, customer_id, submit_date) values (286, 183, TO_TIMESTAMP('2022-02-23 13:45:48', 'YYYY-MM-DD HH24:MI:SS'));
insert into orders(id, customer_id, submit_date) values (287, 140, TO_TIMESTAMP('2021-11-12 09:28:28', 'YYYY-MM-DD HH24:MI:SS'));
insert into orders(id, customer_id, submit_date) values (288, 4, TO_TIMESTAMP('2022-05-15 08:20:17', 'YYYY-MM-DD HH24:MI:SS'));
insert into orders(id, customer_id, submit_date) values (289, 88, TO_TIMESTAMP('2021-11-10 17:7:05', 'YYYY-MM-DD HH24:MI:SS'));
insert into orders(id, customer_id, submit_date) values (290, 282, TO_TIMESTAMP('2021-09-30 04:13:28', 'YYYY-MM-DD HH24:MI:SS'));
insert into orders(id, customer_id, submit_date) values (291, 27, TO_TIMESTAMP('2022-03-02 08:7:42', 'YYYY-MM-DD HH24:MI:SS'));
insert into orders(id, customer_id, submit_date) values (292, 83, TO_TIMESTAMP('2022-01-31 09:45:59', 'YYYY-MM-DD HH24:MI:SS'));
insert into orders(id, customer_id, submit_date) values (293, 281, TO_TIMESTAMP('2021-10-26 19:35:32', 'YYYY-MM-DD HH24:MI:SS'));
insert into orders(id, customer_id, submit_date) values (294, 159, TO_TIMESTAMP('2022-01-19 13:20:44', 'YYYY-MM-DD HH24:MI:SS'));
insert into orders(id, customer_id, submit_date) values (295, 109, TO_TIMESTAMP('2022-04-21 07:10:44', 'YYYY-MM-DD HH24:MI:SS'));
insert into orders(id, customer_id, submit_date) values (296, 36, TO_TIMESTAMP('2021-10-21 11:47:10', 'YYYY-MM-DD HH24:MI:SS'));
insert into orders(id, customer_id, submit_date) values (297, 149, TO_TIMESTAMP('2021-07-23 08:50:30', 'YYYY-MM-DD HH24:MI:SS'));
insert into orders(id, customer_id, submit_date) values (298, 236, TO_TIMESTAMP('2021-11-14 15:43:16', 'YYYY-MM-DD HH24:MI:SS'));
insert into orders(id, customer_id, submit_date) values (299, 116, TO_TIMESTAMP('2022-01-10 00:23:08', 'YYYY-MM-DD HH24:MI:SS'));
insert into orders(id, customer_id, submit_date) values (300, 164, TO_TIMESTAMP('2022-05-22 02:54:57', 'YYYY-MM-DD HH24:MI:SS'));
insert into orders(id, customer_id, submit_date) values (301, 114, TO_TIMESTAMP('2022-03-05 12:55:24', 'YYYY-MM-DD HH24:MI:SS'));
insert into orders(id, customer_id, submit_date) values (302, 203, TO_TIMESTAMP('2022-01-23 00:23:30', 'YYYY-MM-DD HH24:MI:SS'));
insert into orders(id, customer_id, submit_date) values (303, 106, TO_TIMESTAMP('2022-01-20 14:20:56', 'YYYY-MM-DD HH24:MI:SS'));
insert into orders(id, customer_id, submit_date) values (304, 216, TO_TIMESTAMP('2021-10-24 18:2:22', 'YYYY-MM-DD HH24:MI:SS'));
insert into orders(id, customer_id, submit_date) values (305, 274, TO_TIMESTAMP('2022-01-29 06:13:01', 'YYYY-MM-DD HH24:MI:SS'));
insert into orders(id, customer_id, submit_date) values (306, 223, TO_TIMESTAMP('2021-11-02 12:14:56', 'YYYY-MM-DD HH24:MI:SS'));
insert into orders(id, customer_id, submit_date) values (307, 178, TO_TIMESTAMP('2021-09-05 00:40:22', 'YYYY-MM-DD HH24:MI:SS'));
insert into orders(id, customer_id, submit_date) values (308, 271, TO_TIMESTAMP('2022-01-11 21:49:30', 'YYYY-MM-DD HH24:MI:SS'));
insert into orders(id, customer_id, submit_date) values (309, 131, TO_TIMESTAMP('2021-09-06 23:29:52', 'YYYY-MM-DD HH24:MI:SS'));
insert into orders(id, customer_id, submit_date) values (310, 201, TO_TIMESTAMP('2022-05-02 18:55:24', 'YYYY-MM-DD HH24:MI:SS'));
insert into orders(id, customer_id, submit_date) values (311, 55, TO_TIMESTAMP('2021-11-20 16:37:57', 'YYYY-MM-DD HH24:MI:SS'));
insert into orders(id, customer_id, submit_date) values (312, 56, TO_TIMESTAMP('2022-01-19 11:48:12', 'YYYY-MM-DD HH24:MI:SS'));
insert into orders(id, customer_id, submit_date) values (313, 183, TO_TIMESTAMP('2022-03-27 04:46:43', 'YYYY-MM-DD HH24:MI:SS'));
insert into orders(id, customer_id, submit_date) values (314, 204, TO_TIMESTAMP('2022-04-30 14:19:11', 'YYYY-MM-DD HH24:MI:SS'));
insert into orders(id, customer_id, submit_date) values (315, 180, TO_TIMESTAMP('2022-03-17 16:38:19', 'YYYY-MM-DD HH24:MI:SS'));
insert into orders(id, customer_id, submit_date) values (316, 83, TO_TIMESTAMP('2022-01-27 02:55:25', 'YYYY-MM-DD HH24:MI:SS'));
insert into orders(id, customer_id, submit_date) values (317, 136, TO_TIMESTAMP('2022-02-07 03:20:46', 'YYYY-MM-DD HH24:MI:SS'));
insert into orders(id, customer_id, submit_date) values (318, 110, TO_TIMESTAMP('2021-12-28 08:19:08', 'YYYY-MM-DD HH24:MI:SS'));
insert into orders(id, customer_id, submit_date) values (319, 52, TO_TIMESTAMP('2022-03-06 05:7:16', 'YYYY-MM-DD HH24:MI:SS'));
insert into orders(id, customer_id, submit_date) values (320, 225, TO_TIMESTAMP('2021-07-13 08:11:31', 'YYYY-MM-DD HH24:MI:SS'));
insert into orders(id, customer_id, submit_date) values (321, 160, TO_TIMESTAMP('2021-10-28 06:58:18', 'YYYY-MM-DD HH24:MI:SS'));
insert into orders(id, customer_id, submit_date) values (322, 111, TO_TIMESTAMP('2022-03-10 05:22:36', 'YYYY-MM-DD HH24:MI:SS'));
insert into orders(id, customer_id, submit_date) values (323, 93, TO_TIMESTAMP('2021-07-11 20:57:55', 'YYYY-MM-DD HH24:MI:SS'));
insert into orders(id, customer_id, submit_date) values (324, 22, TO_TIMESTAMP('2021-07-01 15:6:19', 'YYYY-MM-DD HH24:MI:SS'));
insert into orders(id, customer_id, submit_date) values (325, 283, TO_TIMESTAMP('2022-01-21 20:15:02', 'YYYY-MM-DD HH24:MI:SS'));
insert into orders(id, customer_id, submit_date) values (326, 111, TO_TIMESTAMP('2021-11-12 13:48:29', 'YYYY-MM-DD HH24:MI:SS'));
insert into orders(id, customer_id, submit_date) values (327, 154, TO_TIMESTAMP('2021-06-26 08:20:41', 'YYYY-MM-DD HH24:MI:SS'));
insert into orders(id, customer_id, submit_date) values (328, 131, TO_TIMESTAMP('2021-07-16 22:30:25', 'YYYY-MM-DD HH24:MI:SS'));
insert into orders(id, customer_id, submit_date) values (329, 207, TO_TIMESTAMP('2021-12-06 03:23:14', 'YYYY-MM-DD HH24:MI:SS'));
insert into orders(id, customer_id, submit_date) values (330, 29, TO_TIMESTAMP('2022-04-17 23:22:09', 'YYYY-MM-DD HH24:MI:SS'));
insert into orders(id, customer_id, submit_date) values (331, 163, TO_TIMESTAMP('2021-11-30 11:5:21', 'YYYY-MM-DD HH24:MI:SS'));
insert into orders(id, customer_id, submit_date) values (332, 88, TO_TIMESTAMP('2022-04-19 04:36:34', 'YYYY-MM-DD HH24:MI:SS'));
insert into orders(id, customer_id, submit_date) values (333, 231, TO_TIMESTAMP('2022-04-27 12:39:53', 'YYYY-MM-DD HH24:MI:SS'));
insert into orders(id, customer_id, submit_date) values (334, 211, TO_TIMESTAMP('2021-06-29 14:20:05', 'YYYY-MM-DD HH24:MI:SS'));
insert into orders(id, customer_id, submit_date) values (335, 233, TO_TIMESTAMP('2022-05-30 05:2:03', 'YYYY-MM-DD HH24:MI:SS'));
insert into orders(id, customer_id, submit_date) values (336, 161, TO_TIMESTAMP('2022-02-19 09:13:35', 'YYYY-MM-DD HH24:MI:SS'));
insert into orders(id, customer_id, submit_date) values (337, 196, TO_TIMESTAMP('2021-09-01 21:57:18', 'YYYY-MM-DD HH24:MI:SS'));
insert into orders(id, customer_id, submit_date) values (338, 13, TO_TIMESTAMP('2022-01-30 18:42:22', 'YYYY-MM-DD HH24:MI:SS'));
insert into orders(id, customer_id, submit_date) values (339, 151, TO_TIMESTAMP('2022-04-14 18:37:23', 'YYYY-MM-DD HH24:MI:SS'));
insert into orders(id, customer_id, submit_date) values (340, 253, TO_TIMESTAMP('2022-03-18 12:22:39', 'YYYY-MM-DD HH24:MI:SS'));
insert into orders(id, customer_id, submit_date) values (341, 240, TO_TIMESTAMP('2021-10-24 02:3:49', 'YYYY-MM-DD HH24:MI:SS'));
insert into orders(id, customer_id, submit_date) values (342, 149, TO_TIMESTAMP('2022-02-22 06:41:11', 'YYYY-MM-DD HH24:MI:SS'));
insert into orders(id, customer_id, submit_date) values (343, 99, TO_TIMESTAMP('2021-09-09 13:46:33', 'YYYY-MM-DD HH24:MI:SS'));
insert into orders(id, customer_id, submit_date) values (344, 75, TO_TIMESTAMP('2022-02-04 03:53:51', 'YYYY-MM-DD HH24:MI:SS'));
insert into orders(id, customer_id, submit_date) values (345, 52, TO_TIMESTAMP('2022-03-21 07:50:55', 'YYYY-MM-DD HH24:MI:SS'));
insert into orders(id, customer_id, submit_date) values (346, 30, TO_TIMESTAMP('2021-12-03 07:33:40', 'YYYY-MM-DD HH24:MI:SS'));
insert into orders(id, customer_id, submit_date) values (347, 93, TO_TIMESTAMP('2022-05-25 19:1:01', 'YYYY-MM-DD HH24:MI:SS'));
insert into orders(id, customer_id, submit_date) values (348, 54, TO_TIMESTAMP('2021-12-18 01:59:06', 'YYYY-MM-DD HH24:MI:SS'));
insert into orders(id, customer_id, submit_date) values (349, 81, TO_TIMESTAMP('2021-12-05 15:58:20', 'YYYY-MM-DD HH24:MI:SS'));
insert into orders(id, customer_id, submit_date) values (350, 71, TO_TIMESTAMP('2021-09-23 06:42:07', 'YYYY-MM-DD HH24:MI:SS'));
insert into orders(id, customer_id, submit_date) values (351, 60, TO_TIMESTAMP('2021-06-20 18:51:11', 'YYYY-MM-DD HH24:MI:SS'));
insert into orders(id, customer_id, submit_date) values (352, 198, TO_TIMESTAMP('2022-01-22 14:13:06', 'YYYY-MM-DD HH24:MI:SS'));
insert into orders(id, customer_id, submit_date) values (353, 150, TO_TIMESTAMP('2021-05-31 20:39:41', 'YYYY-MM-DD HH24:MI:SS'));
insert into orders(id, customer_id, submit_date) values (354, 119, TO_TIMESTAMP('2021-11-16 21:7:59', 'YYYY-MM-DD HH24:MI:SS'));
insert into orders(id, customer_id, submit_date) values (355, 192, TO_TIMESTAMP('2021-12-22 23:45:16', 'YYYY-MM-DD HH24:MI:SS'));
insert into orders(id, customer_id, submit_date) values (356, 193, TO_TIMESTAMP('2022-04-15 06:56:24', 'YYYY-MM-DD HH24:MI:SS'));
insert into orders(id, customer_id, submit_date) values (357, 1, TO_TIMESTAMP('2021-06-15 09:13:00', 'YYYY-MM-DD HH24:MI:SS'));
insert into orders(id, customer_id, submit_date) values (358, 140, TO_TIMESTAMP('2021-06-08 20:30:14', 'YYYY-MM-DD HH24:MI:SS'));
insert into orders(id, customer_id, submit_date) values (359, 132, TO_TIMESTAMP('2022-03-03 08:26:27', 'YYYY-MM-DD HH24:MI:SS'));
insert into orders(id, customer_id, submit_date) values (360, 119, TO_TIMESTAMP('2021-07-23 19:4:33', 'YYYY-MM-DD HH24:MI:SS'));
insert into orders(id, customer_id, submit_date) values (361, 219, TO_TIMESTAMP('2021-08-21 05:6:19', 'YYYY-MM-DD HH24:MI:SS'));
insert into orders(id, customer_id, submit_date) values (362, 120, TO_TIMESTAMP('2021-08-01 20:50:22', 'YYYY-MM-DD HH24:MI:SS'));
insert into orders(id, customer_id, submit_date) values (363, 262, TO_TIMESTAMP('2022-03-07 14:22:14', 'YYYY-MM-DD HH24:MI:SS'));
insert into orders(id, customer_id, submit_date) values (364, 219, TO_TIMESTAMP('2021-10-05 13:42:14', 'YYYY-MM-DD HH24:MI:SS'));
insert into orders(id, customer_id, submit_date) values (365, 24, TO_TIMESTAMP('2021-10-15 21:5:17', 'YYYY-MM-DD HH24:MI:SS'));
insert into orders(id, customer_id, submit_date) values (366, 186, TO_TIMESTAMP('2022-05-12 15:15:32', 'YYYY-MM-DD HH24:MI:SS'));
insert into orders(id, customer_id, submit_date) values (367, 176, TO_TIMESTAMP('2021-07-15 12:47:29', 'YYYY-MM-DD HH24:MI:SS'));
insert into orders(id, customer_id, submit_date) values (368, 130, TO_TIMESTAMP('2021-12-13 11:20:53', 'YYYY-MM-DD HH24:MI:SS'));
insert into orders(id, customer_id, submit_date) values (369, 110, TO_TIMESTAMP('2021-07-24 04:32:30', 'YYYY-MM-DD HH24:MI:SS'));
insert into orders(id, customer_id, submit_date) values (370, 127, TO_TIMESTAMP('2021-10-19 04:13:32', 'YYYY-MM-DD HH24:MI:SS'));
insert into orders(id, customer_id, submit_date) values (371, 270, TO_TIMESTAMP('2022-01-16 23:17:22', 'YYYY-MM-DD HH24:MI:SS'));
insert into orders(id, customer_id, submit_date) values (372, 240, TO_TIMESTAMP('2022-01-03 03:40:15', 'YYYY-MM-DD HH24:MI:SS'));
insert into orders(id, customer_id, submit_date) values (373, 129, TO_TIMESTAMP('2021-12-22 15:53:40', 'YYYY-MM-DD HH24:MI:SS'));
insert into orders(id, customer_id, submit_date) values (374, 269, TO_TIMESTAMP('2021-07-08 01:7:26', 'YYYY-MM-DD HH24:MI:SS'));
insert into orders(id, customer_id, submit_date) values (375, 258, TO_TIMESTAMP('2021-08-13 22:56:09', 'YYYY-MM-DD HH24:MI:SS'));
insert into orders(id, customer_id, submit_date) values (376, 13, TO_TIMESTAMP('2021-11-30 15:49:23', 'YYYY-MM-DD HH24:MI:SS'));
insert into orders(id, customer_id, submit_date) values (377, 2, TO_TIMESTAMP('2022-01-19 08:40:27', 'YYYY-MM-DD HH24:MI:SS'));
insert into orders(id, customer_id, submit_date) values (378, 168, TO_TIMESTAMP('2021-12-21 20:0:44', 'YYYY-MM-DD HH24:MI:SS'));
insert into orders(id, customer_id, submit_date) values (379, 268, TO_TIMESTAMP('2021-09-24 19:29:18', 'YYYY-MM-DD HH24:MI:SS'));
insert into orders(id, customer_id, submit_date) values (380, 249, TO_TIMESTAMP('2021-06-14 03:52:14', 'YYYY-MM-DD HH24:MI:SS'));
insert into orders(id, customer_id, submit_date) values (381, 149, TO_TIMESTAMP('2021-11-17 16:14:30', 'YYYY-MM-DD HH24:MI:SS'));
insert into orders(id, customer_id, submit_date) values (382, 69, TO_TIMESTAMP('2022-01-16 16:17:21', 'YYYY-MM-DD HH24:MI:SS'));
insert into orders(id, customer_id, submit_date) values (383, 195, TO_TIMESTAMP('2021-11-03 00:56:20', 'YYYY-MM-DD HH24:MI:SS'));
insert into orders(id, customer_id, submit_date) values (384, 147, TO_TIMESTAMP('2022-03-29 19:58:47', 'YYYY-MM-DD HH24:MI:SS'));
insert into orders(id, customer_id, submit_date) values (385, 52, TO_TIMESTAMP('2022-05-23 18:7:33', 'YYYY-MM-DD HH24:MI:SS'));
insert into orders(id, customer_id, submit_date) values (386, 58, TO_TIMESTAMP('2021-08-04 08:17:18', 'YYYY-MM-DD HH24:MI:SS'));
insert into orders(id, customer_id, submit_date) values (387, 196, TO_TIMESTAMP('2021-11-08 03:47:27', 'YYYY-MM-DD HH24:MI:SS'));
insert into orders(id, customer_id, submit_date) values (388, 196, TO_TIMESTAMP('2021-10-25 02:26:57', 'YYYY-MM-DD HH24:MI:SS'));
insert into orders(id, customer_id, submit_date) values (389, 211, TO_TIMESTAMP('2021-08-16 15:49:32', 'YYYY-MM-DD HH24:MI:SS'));
insert into orders(id, customer_id, submit_date) values (390, 171, TO_TIMESTAMP('2021-12-29 23:52:47', 'YYYY-MM-DD HH24:MI:SS'));
insert into orders(id, customer_id, submit_date) values (391, 228, TO_TIMESTAMP('2021-09-07 23:50:46', 'YYYY-MM-DD HH24:MI:SS'));
insert into orders(id, customer_id, submit_date) values (392, 98, TO_TIMESTAMP('2022-02-01 22:33:22', 'YYYY-MM-DD HH24:MI:SS'));
insert into orders(id, customer_id, submit_date) values (393, 229, TO_TIMESTAMP('2021-09-02 06:22:16', 'YYYY-MM-DD HH24:MI:SS'));
insert into orders(id, customer_id, submit_date) values (394, 115, TO_TIMESTAMP('2021-10-11 06:25:45', 'YYYY-MM-DD HH24:MI:SS'));
insert into orders(id, customer_id, submit_date) values (395, 101, TO_TIMESTAMP('2021-12-19 16:2:29', 'YYYY-MM-DD HH24:MI:SS'));
insert into orders(id, customer_id, submit_date) values (396, 38, TO_TIMESTAMP('2021-08-26 00:2:22', 'YYYY-MM-DD HH24:MI:SS'));
insert into orders(id, customer_id, submit_date) values (397, 41, TO_TIMESTAMP('2022-04-20 06:31:13', 'YYYY-MM-DD HH24:MI:SS'));
insert into orders(id, customer_id, submit_date) values (398, 5, TO_TIMESTAMP('2021-11-30 10:56:37', 'YYYY-MM-DD HH24:MI:SS'));
insert into orders(id, customer_id, submit_date) values (399, 108, TO_TIMESTAMP('2022-03-22 21:39:02', 'YYYY-MM-DD HH24:MI:SS'));
insert into orders(id, customer_id, submit_date) values (400, 23, TO_TIMESTAMP('2021-08-04 20:35:07', 'YYYY-MM-DD HH24:MI:SS'));
insert into orders(id, customer_id, submit_date) values (401, 10, TO_TIMESTAMP('2021-09-15 23:37:48', 'YYYY-MM-DD HH24:MI:SS'));
insert into orders(id, customer_id, submit_date) values (402, 92, TO_TIMESTAMP('2021-06-02 19:6:02', 'YYYY-MM-DD HH24:MI:SS'));
insert into orders(id, customer_id, submit_date) values (403, 251, TO_TIMESTAMP('2022-03-23 22:50:59', 'YYYY-MM-DD HH24:MI:SS'));
insert into orders(id, customer_id, submit_date) values (404, 178, TO_TIMESTAMP('2021-11-21 11:9:06', 'YYYY-MM-DD HH24:MI:SS'));
insert into orders(id, customer_id, submit_date) values (405, 179, TO_TIMESTAMP('2021-10-05 14:38:39', 'YYYY-MM-DD HH24:MI:SS'));
insert into orders(id, customer_id, submit_date) values (406, 19, TO_TIMESTAMP('2022-01-04 17:10:16', 'YYYY-MM-DD HH24:MI:SS'));
insert into orders(id, customer_id, submit_date) values (407, 116, TO_TIMESTAMP('2022-03-05 13:58:00', 'YYYY-MM-DD HH24:MI:SS'));
insert into orders(id, customer_id, submit_date) values (408, 146, TO_TIMESTAMP('2022-02-06 00:55:01', 'YYYY-MM-DD HH24:MI:SS'));
insert into orders(id, customer_id, submit_date) values (409, 18, TO_TIMESTAMP('2022-05-07 09:51:19', 'YYYY-MM-DD HH24:MI:SS'));
insert into orders(id, customer_id, submit_date) values (410, 192, TO_TIMESTAMP('2021-10-12 08:51:20', 'YYYY-MM-DD HH24:MI:SS'));
insert into orders(id, customer_id, submit_date) values (411, 138, TO_TIMESTAMP('2022-04-01 03:25:28', 'YYYY-MM-DD HH24:MI:SS'));
insert into orders(id, customer_id, submit_date) values (412, 233, TO_TIMESTAMP('2022-01-14 20:46:02', 'YYYY-MM-DD HH24:MI:SS'));
insert into orders(id, customer_id, submit_date) values (413, 117, TO_TIMESTAMP('2022-02-08 05:25:19', 'YYYY-MM-DD HH24:MI:SS'));
insert into orders(id, customer_id, submit_date) values (414, 143, TO_TIMESTAMP('2021-10-22 18:47:00', 'YYYY-MM-DD HH24:MI:SS'));
insert into orders(id, customer_id, submit_date) values (415, 187, TO_TIMESTAMP('2022-05-13 16:13:54', 'YYYY-MM-DD HH24:MI:SS'));
insert into orders(id, customer_id, submit_date) values (416, 152, TO_TIMESTAMP('2022-04-19 14:33:55', 'YYYY-MM-DD HH24:MI:SS'));
insert into orders(id, customer_id, submit_date) values (417, 197, TO_TIMESTAMP('2022-05-17 02:14:31', 'YYYY-MM-DD HH24:MI:SS'));
insert into orders(id, customer_id, submit_date) values (418, 198, TO_TIMESTAMP('2022-01-27 21:39:20', 'YYYY-MM-DD HH24:MI:SS'));
insert into orders(id, customer_id, submit_date) values (419, 11, TO_TIMESTAMP('2021-07-22 15:37:58', 'YYYY-MM-DD HH24:MI:SS'));
insert into orders(id, customer_id, submit_date) values (420, 145, TO_TIMESTAMP('2021-11-26 21:6:58', 'YYYY-MM-DD HH24:MI:SS'));
insert into orders(id, customer_id, submit_date) values (421, 260, TO_TIMESTAMP('2022-04-15 19:17:32', 'YYYY-MM-DD HH24:MI:SS'));
insert into orders(id, customer_id, submit_date) values (422, 149, TO_TIMESTAMP('2021-06-22 16:48:26', 'YYYY-MM-DD HH24:MI:SS'));
insert into orders(id, customer_id, submit_date) values (423, 177, TO_TIMESTAMP('2021-09-05 13:16:14', 'YYYY-MM-DD HH24:MI:SS'));
insert into orders(id, customer_id, submit_date) values (424, 281, TO_TIMESTAMP('2022-02-27 09:17:26', 'YYYY-MM-DD HH24:MI:SS'));
insert into orders(id, customer_id, submit_date) values (425, 209, TO_TIMESTAMP('2021-07-08 10:55:45', 'YYYY-MM-DD HH24:MI:SS'));
insert into orders(id, customer_id, submit_date) values (426, 32, TO_TIMESTAMP('2021-08-08 06:42:51', 'YYYY-MM-DD HH24:MI:SS'));
insert into orders(id, customer_id, submit_date) values (427, 225, TO_TIMESTAMP('2022-05-27 08:18:37', 'YYYY-MM-DD HH24:MI:SS'));
insert into orders(id, customer_id, submit_date) values (428, 145, TO_TIMESTAMP('2022-01-17 02:37:42', 'YYYY-MM-DD HH24:MI:SS'));
insert into orders(id, customer_id, submit_date) values (429, 227, TO_TIMESTAMP('2021-07-15 10:28:15', 'YYYY-MM-DD HH24:MI:SS'));
insert into orders(id, customer_id, submit_date) values (430, 273, TO_TIMESTAMP('2021-06-15 15:16:21', 'YYYY-MM-DD HH24:MI:SS'));
insert into orders(id, customer_id, submit_date) values (431, 2, TO_TIMESTAMP('2022-01-15 23:5:23', 'YYYY-MM-DD HH24:MI:SS'));
insert into orders(id, customer_id, submit_date) values (432, 110, TO_TIMESTAMP('2021-06-08 05:38:43', 'YYYY-MM-DD HH24:MI:SS'));
insert into orders(id, customer_id, submit_date) values (433, 261, TO_TIMESTAMP('2021-12-14 03:41:04', 'YYYY-MM-DD HH24:MI:SS'));
insert into orders(id, customer_id, submit_date) values (434, 149, TO_TIMESTAMP('2021-07-03 04:23:44', 'YYYY-MM-DD HH24:MI:SS'));
insert into orders(id, customer_id, submit_date) values (435, 164, TO_TIMESTAMP('2022-05-18 08:10:42', 'YYYY-MM-DD HH24:MI:SS'));
insert into orders(id, customer_id, submit_date) values (436, 149, TO_TIMESTAMP('2021-09-05 15:46:39', 'YYYY-MM-DD HH24:MI:SS'));
insert into orders(id, customer_id, submit_date) values (437, 263, TO_TIMESTAMP('2021-08-08 15:1:47', 'YYYY-MM-DD HH24:MI:SS'));
insert into orders(id, customer_id, submit_date) values (438, 207, TO_TIMESTAMP('2021-07-22 12:24:01', 'YYYY-MM-DD HH24:MI:SS'));
insert into orders(id, customer_id, submit_date) values (439, 83, TO_TIMESTAMP('2022-04-12 14:25:00', 'YYYY-MM-DD HH24:MI:SS'));
insert into orders(id, customer_id, submit_date) values (440, 84, TO_TIMESTAMP('2021-10-07 01:6:30', 'YYYY-MM-DD HH24:MI:SS'));
insert into orders(id, customer_id, submit_date) values (441, 179, TO_TIMESTAMP('2021-10-04 22:3:15', 'YYYY-MM-DD HH24:MI:SS'));
insert into orders(id, customer_id, submit_date) values (442, 30, TO_TIMESTAMP('2022-04-02 21:53:09', 'YYYY-MM-DD HH24:MI:SS'));
insert into orders(id, customer_id, submit_date) values (443, 190, TO_TIMESTAMP('2022-04-17 18:1:48', 'YYYY-MM-DD HH24:MI:SS'));
insert into orders(id, customer_id, submit_date) values (444, 234, TO_TIMESTAMP('2021-10-26 09:24:42', 'YYYY-MM-DD HH24:MI:SS'));
insert into orders(id, customer_id, submit_date) values (445, 62, TO_TIMESTAMP('2021-11-07 10:8:47', 'YYYY-MM-DD HH24:MI:SS'));
insert into orders(id, customer_id, submit_date) values (446, 243, TO_TIMESTAMP('2021-12-14 10:10:43', 'YYYY-MM-DD HH24:MI:SS'));
insert into orders(id, customer_id, submit_date) values (447, 191, TO_TIMESTAMP('2022-01-02 05:34:41', 'YYYY-MM-DD HH24:MI:SS'));
insert into orders(id, customer_id, submit_date) values (448, 126, TO_TIMESTAMP('2021-08-16 13:24:06', 'YYYY-MM-DD HH24:MI:SS'));
insert into orders(id, customer_id, submit_date) values (449, 134, TO_TIMESTAMP('2022-03-10 08:42:08', 'YYYY-MM-DD HH24:MI:SS'));
insert into orders(id, customer_id, submit_date) values (450, 119, TO_TIMESTAMP('2022-04-30 11:9:23', 'YYYY-MM-DD HH24:MI:SS'));
insert into orders(id, customer_id, submit_date) values (451, 207, TO_TIMESTAMP('2022-01-04 08:0:26', 'YYYY-MM-DD HH24:MI:SS'));
insert into orders(id, customer_id, submit_date) values (452, 198, TO_TIMESTAMP('2022-03-11 11:26:23', 'YYYY-MM-DD HH24:MI:SS'));
insert into orders(id, customer_id, submit_date) values (453, 26, TO_TIMESTAMP('2021-12-23 08:45:46', 'YYYY-MM-DD HH24:MI:SS'));
insert into orders(id, customer_id, submit_date) values (454, 182, TO_TIMESTAMP('2021-09-27 20:22:32', 'YYYY-MM-DD HH24:MI:SS'));
insert into orders(id, customer_id, submit_date) values (455, 7, TO_TIMESTAMP('2021-11-29 15:46:43', 'YYYY-MM-DD HH24:MI:SS'));
insert into orders(id, customer_id, submit_date) values (456, 132, TO_TIMESTAMP('2021-08-03 01:58:55', 'YYYY-MM-DD HH24:MI:SS'));
insert into orders(id, customer_id, submit_date) values (457, 170, TO_TIMESTAMP('2022-02-23 23:7:04', 'YYYY-MM-DD HH24:MI:SS'));
insert into orders(id, customer_id, submit_date) values (458, 261, TO_TIMESTAMP('2021-12-14 21:57:55', 'YYYY-MM-DD HH24:MI:SS'));
insert into orders(id, customer_id, submit_date) values (459, 108, TO_TIMESTAMP('2021-12-24 09:13:29', 'YYYY-MM-DD HH24:MI:SS'));
insert into orders(id, customer_id, submit_date) values (460, 72, TO_TIMESTAMP('2021-09-30 12:40:43', 'YYYY-MM-DD HH24:MI:SS'));
insert into orders(id, customer_id, submit_date) values (461, 33, TO_TIMESTAMP('2021-10-29 02:29:46', 'YYYY-MM-DD HH24:MI:SS'));
insert into orders(id, customer_id, submit_date) values (462, 193, TO_TIMESTAMP('2021-09-27 23:11:09', 'YYYY-MM-DD HH24:MI:SS'));
insert into orders(id, customer_id, submit_date) values (463, 16, TO_TIMESTAMP('2021-10-14 14:2:06', 'YYYY-MM-DD HH24:MI:SS'));
insert into orders(id, customer_id, submit_date) values (464, 243, TO_TIMESTAMP('2021-08-30 00:42:32', 'YYYY-MM-DD HH24:MI:SS'));
insert into orders(id, customer_id, submit_date) values (465, 48, TO_TIMESTAMP('2021-09-22 11:10:29', 'YYYY-MM-DD HH24:MI:SS'));
insert into orders(id, customer_id, submit_date) values (466, 110, TO_TIMESTAMP('2021-06-29 18:5:35', 'YYYY-MM-DD HH24:MI:SS'));
insert into orders(id, customer_id, submit_date) values (467, 180, TO_TIMESTAMP('2022-05-26 21:38:13', 'YYYY-MM-DD HH24:MI:SS'));
insert into orders(id, customer_id, submit_date) values (469, 106, TO_TIMESTAMP('2021-12-18 00:19:16', 'YYYY-MM-DD HH24:MI:SS'));
insert into orders(id, customer_id, submit_date) values (470, 51, TO_TIMESTAMP('2022-05-04 04:12:07', 'YYYY-MM-DD HH24:MI:SS'));
insert into orders(id, customer_id, submit_date) values (471, 168, TO_TIMESTAMP('2021-08-03 20:59:21', 'YYYY-MM-DD HH24:MI:SS'));
insert into orders(id, customer_id, submit_date) values (472, 79, TO_TIMESTAMP('2021-07-14 15:15:00', 'YYYY-MM-DD HH24:MI:SS'));
insert into orders(id, customer_id, submit_date) values (473, 27, TO_TIMESTAMP('2021-11-27 21:47:49', 'YYYY-MM-DD HH24:MI:SS'));
insert into orders(id, customer_id, submit_date) values (474, 247, TO_TIMESTAMP('2021-11-22 18:49:10', 'YYYY-MM-DD HH24:MI:SS'));
insert into orders(id, customer_id, submit_date) values (475, 170, TO_TIMESTAMP('2022-02-17 01:40:53', 'YYYY-MM-DD HH24:MI:SS'));
insert into orders(id, customer_id, submit_date) values (476, 119, TO_TIMESTAMP('2022-02-16 11:33:32', 'YYYY-MM-DD HH24:MI:SS'));
insert into orders(id, customer_id, submit_date) values (477, 81, TO_TIMESTAMP('2022-05-08 01:34:10', 'YYYY-MM-DD HH24:MI:SS'));
insert into orders(id, customer_id, submit_date) values (478, 3, TO_TIMESTAMP('2021-12-16 15:47:07', 'YYYY-MM-DD HH24:MI:SS'));
insert into orders(id, customer_id, submit_date) values (479, 202, TO_TIMESTAMP('2021-11-18 16:10:21', 'YYYY-MM-DD HH24:MI:SS'));
insert into orders(id, customer_id, submit_date) values (480, 164, TO_TIMESTAMP('2022-05-23 13:52:40', 'YYYY-MM-DD HH24:MI:SS'));
insert into orders(id, customer_id, submit_date) values (481, 129, TO_TIMESTAMP('2021-10-29 22:15:04', 'YYYY-MM-DD HH24:MI:SS'));
insert into orders(id, customer_id, submit_date) values (482, 236, TO_TIMESTAMP('2021-07-06 14:11:28', 'YYYY-MM-DD HH24:MI:SS'));
insert into orders(id, customer_id, submit_date) values (483, 193, TO_TIMESTAMP('2021-10-01 23:23:45', 'YYYY-MM-DD HH24:MI:SS'));
insert into orders(id, customer_id, submit_date) values (484, 137, TO_TIMESTAMP('2021-08-21 08:14:50', 'YYYY-MM-DD HH24:MI:SS'));
insert into orders(id, customer_id, submit_date) values (485, 55, TO_TIMESTAMP('2022-01-24 12:42:18', 'YYYY-MM-DD HH24:MI:SS'));
insert into orders(id, customer_id, submit_date) values (486, 44, TO_TIMESTAMP('2022-03-20 05:51:03', 'YYYY-MM-DD HH24:MI:SS'));
insert into orders(id, customer_id, submit_date) values (487, 260, TO_TIMESTAMP('2022-03-30 19:20:08', 'YYYY-MM-DD HH24:MI:SS'));
insert into orders(id, customer_id, submit_date) values (488, 233, TO_TIMESTAMP('2021-08-15 19:3:06', 'YYYY-MM-DD HH24:MI:SS'));
insert into orders(id, customer_id, submit_date) values (489, 187, TO_TIMESTAMP('2022-05-25 00:12:37', 'YYYY-MM-DD HH24:MI:SS'));
insert into orders(id, customer_id, submit_date) values (490, 44, TO_TIMESTAMP('2021-07-19 03:41:34', 'YYYY-MM-DD HH24:MI:SS'));
insert into orders(id, customer_id, submit_date) values (491, 143, TO_TIMESTAMP('2021-06-16 06:21:08', 'YYYY-MM-DD HH24:MI:SS'));
insert into orders(id, customer_id, submit_date) values (492, 158, TO_TIMESTAMP('2021-12-06 06:41:16', 'YYYY-MM-DD HH24:MI:SS'));
insert into orders(id, customer_id, submit_date) values (493, 68, TO_TIMESTAMP('2021-07-07 06:38:42', 'YYYY-MM-DD HH24:MI:SS'));
insert into orders(id, customer_id, submit_date) values (494, 237, TO_TIMESTAMP('2021-09-02 19:49:29', 'YYYY-MM-DD HH24:MI:SS'));
insert into orders(id, customer_id, submit_date) values (495, 18, TO_TIMESTAMP('2021-09-12 23:51:41', 'YYYY-MM-DD HH24:MI:SS'));
insert into orders(id, customer_id, submit_date) values (496, 157, TO_TIMESTAMP('2022-01-16 20:47:58', 'YYYY-MM-DD HH24:MI:SS'));
insert into orders(id, customer_id, submit_date) values (497, 201, TO_TIMESTAMP('2021-06-07 09:34:41', 'YYYY-MM-DD HH24:MI:SS'));
insert into orders(id, customer_id, submit_date) values (498, 48, TO_TIMESTAMP('2021-11-01 05:17:16', 'YYYY-MM-DD HH24:MI:SS'));
insert into orders(id, customer_id, submit_date) values (499, 154, TO_TIMESTAMP('2022-03-07 06:10:10', 'YYYY-MM-DD HH24:MI:SS'));
insert into orders(id, customer_id, submit_date) values (501, 99, TO_TIMESTAMP('2021-10-18 20:11:49', 'YYYY-MM-DD HH24:MI:SS'));
insert into orders(id, customer_id, submit_date) values (503, 172, TO_TIMESTAMP('2021-07-23 00:14:22', 'YYYY-MM-DD HH24:MI:SS'));
insert into orders(id, customer_id, submit_date) values (504, 18, TO_TIMESTAMP('2021-06-29 14:47:54', 'YYYY-MM-DD HH24:MI:SS'));
insert into orders(id, customer_id, submit_date) values (505, 164, TO_TIMESTAMP('2022-04-06 11:52:21', 'YYYY-MM-DD HH24:MI:SS'));
insert into orders(id, customer_id, submit_date) values (506, 145, TO_TIMESTAMP('2021-10-09 11:10:29', 'YYYY-MM-DD HH24:MI:SS'));
insert into orders(id, customer_id, submit_date) values (507, 240, TO_TIMESTAMP('2021-10-23 01:0:13', 'YYYY-MM-DD HH24:MI:SS'));
insert into orders(id, customer_id, submit_date) values (508, 5, TO_TIMESTAMP('2021-09-17 11:45:45', 'YYYY-MM-DD HH24:MI:SS'));
insert into orders(id, customer_id, submit_date) values (509, 130, TO_TIMESTAMP('2021-06-21 10:49:54', 'YYYY-MM-DD HH24:MI:SS'));
insert into orders(id, customer_id, submit_date) values (510, 117, TO_TIMESTAMP('2022-05-14 17:12:21', 'YYYY-MM-DD HH24:MI:SS'));
insert into orders(id, customer_id, submit_date) values (511, 170, TO_TIMESTAMP('2022-04-07 10:42:44', 'YYYY-MM-DD HH24:MI:SS'));
insert into orders(id, customer_id, submit_date) values (512, 173, TO_TIMESTAMP('2022-05-20 12:24:56', 'YYYY-MM-DD HH24:MI:SS'));
insert into orders_products(order_id, product_id, quantity) values (1, 6, 4);
insert into orders_products(order_id, product_id, quantity) values (1, 44, 8);
insert into orders_products(order_id, product_id, quantity) values (1, 31, 5);
insert into orders_products(order_id, product_id, quantity) values (1, 40, 2);
insert into orders_products(order_id, product_id, quantity) values (2, 26, 5);
insert into orders_products(order_id, product_id, quantity) values (2, 19, 8);
insert into orders_products(order_id, product_id, quantity) values (3, 15, 12);
insert into orders_products(order_id, product_id, quantity) values (4, 22, 9);
insert into orders_products(order_id, product_id, quantity) values (5, 35, 3);
insert into orders_products(order_id, product_id, quantity) values (5, 2, 12);
insert into orders_products(order_id, product_id, quantity) values (6, 41, 14);
insert into orders_products(order_id, product_id, quantity) values (7, 29, 13);
insert into orders_products(order_id, product_id, quantity) values (8, 10, 6);
insert into orders_products(order_id, product_id, quantity) values (9, 52, 5);
insert into orders_products(order_id, product_id, quantity) values (10, 11, 4);
insert into orders_products(order_id, product_id, quantity) values (11, 10, 6);
insert into orders_products(order_id, product_id, quantity) values (12, 31, 2);
insert into orders_products(order_id, product_id, quantity) values (13, 27, 8);
insert into orders_products(order_id, product_id, quantity) values (14, 6, 6);
insert into orders_products(order_id, product_id, quantity) values (15, 29, 13);
insert into orders_products(order_id, product_id, quantity) values (16, 10, 2);
insert into orders_products(order_id, product_id, quantity) values (17, 51, 13);
insert into orders_products(order_id, product_id, quantity) values (18, 30, 4);
insert into orders_products(order_id, product_id, quantity) values (19, 45, 8);
insert into orders_products(order_id, product_id, quantity) values (19, 7, 3);
insert into orders_products(order_id, product_id, quantity) values (20, 2, 7);
insert into orders_products(order_id, product_id, quantity) values (21, 1, 5);
insert into orders_products(order_id, product_id, quantity) values (22, 3, 6);
insert into orders_products(order_id, product_id, quantity) values (23, 36, 1);
insert into orders_products(order_id, product_id, quantity) values (24, 3, 4);
insert into orders_products(order_id, product_id, quantity) values (24, 6, 11);
insert into orders_products(order_id, product_id, quantity) values (24, 16, 1);
insert into orders_products(order_id, product_id, quantity) values (24, 12, 15);
insert into orders_products(order_id, product_id, quantity) values (24, 52, 9);
insert into orders_products(order_id, product_id, quantity) values (24, 18, 2);
insert into orders_products(order_id, product_id, quantity) values (24, 50, 14);
insert into orders_products(order_id, product_id, quantity) values (24, 38, 6);
insert into orders_products(order_id, product_id, quantity) values (24, 29, 11);
insert into orders_products(order_id, product_id, quantity) values (25, 49, 15);
insert into orders_products(order_id, product_id, quantity) values (26, 14, 4);
insert into orders_products(order_id, product_id, quantity) values (26, 35, 13);
insert into orders_products(order_id, product_id, quantity) values (27, 27, 2);
insert into orders_products(order_id, product_id, quantity) values (28, 1, 6);
insert into orders_products(order_id, product_id, quantity) values (28, 34, 6);
insert into orders_products(order_id, product_id, quantity) values (29, 10, 2);
insert into orders_products(order_id, product_id, quantity) values (30, 49, 9);
insert into orders_products(order_id, product_id, quantity) values (31, 52, 12);
insert into orders_products(order_id, product_id, quantity) values (32, 21, 9);
insert into orders_products(order_id, product_id, quantity) values (33, 7, 4);
insert into orders_products(order_id, product_id, quantity) values (34, 46, 2);
insert into orders_products(order_id, product_id, quantity) values (34, 52, 1);
insert into orders_products(order_id, product_id, quantity) values (35, 51, 3);
insert into orders_products(order_id, product_id, quantity) values (35, 48, 7);
insert into orders_products(order_id, product_id, quantity) values (35, 2, 15);
insert into orders_products(order_id, product_id, quantity) values (36, 11, 4);
insert into orders_products(order_id, product_id, quantity) values (37, 34, 5);
insert into orders_products(order_id, product_id, quantity) values (37, 40, 1);
insert into orders_products(order_id, product_id, quantity) values (37, 50, 11);
insert into orders_products(order_id, product_id, quantity) values (38, 34, 12);
insert into orders_products(order_id, product_id, quantity) values (39, 40, 11);
insert into orders_products(order_id, product_id, quantity) values (40, 17, 8);
insert into orders_products(order_id, product_id, quantity) values (41, 44, 1);
insert into orders_products(order_id, product_id, quantity) values (41, 2, 3);
insert into orders_products(order_id, product_id, quantity) values (41, 15, 15);
insert into orders_products(order_id, product_id, quantity) values (42, 9, 1);
insert into orders_products(order_id, product_id, quantity) values (43, 23, 8);
insert into orders_products(order_id, product_id, quantity) values (43, 32, 4);
insert into orders_products(order_id, product_id, quantity) values (44, 12, 11);
insert into orders_products(order_id, product_id, quantity) values (44, 51, 3);
insert into orders_products(order_id, product_id, quantity) values (44, 43, 10);
insert into orders_products(order_id, product_id, quantity) values (45, 43, 15);
insert into orders_products(order_id, product_id, quantity) values (46, 19, 3);
insert into orders_products(order_id, product_id, quantity) values (46, 39, 1);
insert into orders_products(order_id, product_id, quantity) values (46, 23, 11);
insert into orders_products(order_id, product_id, quantity) values (47, 29, 6);
insert into orders_products(order_id, product_id, quantity) values (48, 28, 9);
insert into orders_products(order_id, product_id, quantity) values (49, 43, 3);
insert into orders_products(order_id, product_id, quantity) values (50, 46, 14);
insert into orders_products(order_id, product_id, quantity) values (51, 12, 4);
insert into orders_products(order_id, product_id, quantity) values (52, 28, 8);
insert into orders_products(order_id, product_id, quantity) values (53, 5, 12);
insert into orders_products(order_id, product_id, quantity) values (53, 6, 3);
insert into orders_products(order_id, product_id, quantity) values (53, 13, 3);
insert into orders_products(order_id, product_id, quantity) values (54, 32, 10);
insert into orders_products(order_id, product_id, quantity) values (54, 23, 6);
insert into orders_products(order_id, product_id, quantity) values (55, 52, 13);
insert into orders_products(order_id, product_id, quantity) values (56, 27, 12);
insert into orders_products(order_id, product_id, quantity) values (57, 33, 4);
insert into orders_products(order_id, product_id, quantity) values (58, 21, 8);
insert into orders_products(order_id, product_id, quantity) values (59, 17, 12);
insert into orders_products(order_id, product_id, quantity) values (60, 21, 11);
insert into orders_products(order_id, product_id, quantity) values (61, 36, 13);
insert into orders_products(order_id, product_id, quantity) values (62, 9, 7);
insert into orders_products(order_id, product_id, quantity) values (63, 29, 1);
insert into orders_products(order_id, product_id, quantity) values (64, 30, 9);
insert into orders_products(order_id, product_id, quantity) values (65, 52, 2);
insert into orders_products(order_id, product_id, quantity) values (66, 39, 13);
insert into orders_products(order_id, product_id, quantity) values (66, 42, 3);
insert into orders_products(order_id, product_id, quantity) values (67, 32, 2);
insert into orders_products(order_id, product_id, quantity) values (68, 38, 13);
insert into orders_products(order_id, product_id, quantity) values (69, 5, 14);
insert into orders_products(order_id, product_id, quantity) values (69, 24, 9);
insert into orders_products(order_id, product_id, quantity) values (70, 39, 2);
insert into orders_products(order_id, product_id, quantity) values (70, 30, 2);
insert into orders_products(order_id, product_id, quantity) values (71, 38, 10);
insert into orders_products(order_id, product_id, quantity) values (72, 31, 10);
insert into orders_products(order_id, product_id, quantity) values (73, 14, 5);
insert into orders_products(order_id, product_id, quantity) values (73, 45, 4);
insert into orders_products(order_id, product_id, quantity) values (74, 16, 5);
insert into orders_products(order_id, product_id, quantity) values (75, 8, 8);
insert into orders_products(order_id, product_id, quantity) values (76, 18, 6);
insert into orders_products(order_id, product_id, quantity) values (77, 44, 4);
insert into orders_products(order_id, product_id, quantity) values (78, 3, 6);
insert into orders_products(order_id, product_id, quantity) values (78, 16, 15);
insert into orders_products(order_id, product_id, quantity) values (79, 3, 10);
insert into orders_products(order_id, product_id, quantity) values (80, 31, 1);
insert into orders_products(order_id, product_id, quantity) values (80, 41, 11);
insert into orders_products(order_id, product_id, quantity) values (80, 10, 2);
insert into orders_products(order_id, product_id, quantity) values (81, 21, 13);
insert into orders_products(order_id, product_id, quantity) values (82, 27, 10);
insert into orders_products(order_id, product_id, quantity) values (82, 29, 12);
insert into orders_products(order_id, product_id, quantity) values (83, 26, 10);
insert into orders_products(order_id, product_id, quantity) values (84, 18, 10);
insert into orders_products(order_id, product_id, quantity) values (85, 9, 15);
insert into orders_products(order_id, product_id, quantity) values (86, 14, 8);
insert into orders_products(order_id, product_id, quantity) values (86, 25, 13);
insert into orders_products(order_id, product_id, quantity) values (87, 27, 14);
insert into orders_products(order_id, product_id, quantity) values (88, 26, 4);
insert into orders_products(order_id, product_id, quantity) values (89, 13, 4);
insert into orders_products(order_id, product_id, quantity) values (90, 50, 4);
insert into orders_products(order_id, product_id, quantity) values (90, 13, 9);
insert into orders_products(order_id, product_id, quantity) values (91, 26, 6);
insert into orders_products(order_id, product_id, quantity) values (92, 17, 15);
insert into orders_products(order_id, product_id, quantity) values (93, 8, 4);
insert into orders_products(order_id, product_id, quantity) values (94, 42, 1);
insert into orders_products(order_id, product_id, quantity) values (94, 2, 2);
insert into orders_products(order_id, product_id, quantity) values (95, 34, 8);
insert into orders_products(order_id, product_id, quantity) values (96, 41, 15);
insert into orders_products(order_id, product_id, quantity) values (97, 3, 13);
insert into orders_products(order_id, product_id, quantity) values (97, 30, 7);
insert into orders_products(order_id, product_id, quantity) values (97, 2, 7);
insert into orders_products(order_id, product_id, quantity) values (97, 4, 8);
insert into orders_products(order_id, product_id, quantity) values (98, 26, 12);
insert into orders_products(order_id, product_id, quantity) values (99, 37, 4);
insert into orders_products(order_id, product_id, quantity) values (100, 8, 15);
insert into orders_products(order_id, product_id, quantity) values (101, 36, 13);
insert into orders_products(order_id, product_id, quantity) values (102, 39, 13);
insert into orders_products(order_id, product_id, quantity) values (103, 12, 9);
insert into orders_products(order_id, product_id, quantity) values (104, 31, 11);
insert into orders_products(order_id, product_id, quantity) values (105, 28, 6);
insert into orders_products(order_id, product_id, quantity) values (105, 50, 4);
insert into orders_products(order_id, product_id, quantity) values (106, 23, 14);
insert into orders_products(order_id, product_id, quantity) values (107, 1, 6);
insert into orders_products(order_id, product_id, quantity) values (107, 42, 7);
insert into orders_products(order_id, product_id, quantity) values (108, 44, 15);
insert into orders_products(order_id, product_id, quantity) values (108, 33, 11);
insert into orders_products(order_id, product_id, quantity) values (108, 43, 13);
insert into orders_products(order_id, product_id, quantity) values (108, 7, 5);
insert into orders_products(order_id, product_id, quantity) values (108, 17, 9);
insert into orders_products(order_id, product_id, quantity) values (108, 28, 13);
insert into orders_products(order_id, product_id, quantity) values (109, 8, 7);
insert into orders_products(order_id, product_id, quantity) values (109, 50, 6);
insert into orders_products(order_id, product_id, quantity) values (110, 50, 5);
insert into orders_products(order_id, product_id, quantity) values (111, 31, 6);
insert into orders_products(order_id, product_id, quantity) values (112, 17, 7);
insert into orders_products(order_id, product_id, quantity) values (113, 15, 6);
insert into orders_products(order_id, product_id, quantity) values (114, 13, 9);
insert into orders_products(order_id, product_id, quantity) values (115, 35, 12);
insert into orders_products(order_id, product_id, quantity) values (116, 44, 9);
insert into orders_products(order_id, product_id, quantity) values (117, 30, 5);
insert into orders_products(order_id, product_id, quantity) values (118, 6, 7);
insert into orders_products(order_id, product_id, quantity) values (118, 31, 13);
insert into orders_products(order_id, product_id, quantity) values (118, 7, 2);
insert into orders_products(order_id, product_id, quantity) values (119, 33, 1);
insert into orders_products(order_id, product_id, quantity) values (120, 28, 13);
insert into orders_products(order_id, product_id, quantity) values (121, 20, 9);
insert into orders_products(order_id, product_id, quantity) values (122, 16, 4);
insert into orders_products(order_id, product_id, quantity) values (122, 26, 6);
insert into orders_products(order_id, product_id, quantity) values (122, 7, 13);
insert into orders_products(order_id, product_id, quantity) values (123, 28, 7);
insert into orders_products(order_id, product_id, quantity) values (124, 45, 3);
insert into orders_products(order_id, product_id, quantity) values (125, 7, 14);
insert into orders_products(order_id, product_id, quantity) values (125, 51, 9);
insert into orders_products(order_id, product_id, quantity) values (126, 18, 12);
insert into orders_products(order_id, product_id, quantity) values (127, 26, 6);
insert into orders_products(order_id, product_id, quantity) values (128, 36, 8);
insert into orders_products(order_id, product_id, quantity) values (128, 12, 7);
insert into orders_products(order_id, product_id, quantity) values (129, 29, 14);
insert into orders_products(order_id, product_id, quantity) values (130, 38, 12);
insert into orders_products(order_id, product_id, quantity) values (131, 29, 8);
insert into orders_products(order_id, product_id, quantity) values (132, 1, 12);
insert into orders_products(order_id, product_id, quantity) values (133, 21, 10);
insert into orders_products(order_id, product_id, quantity) values (134, 40, 9);
insert into orders_products(order_id, product_id, quantity) values (134, 22, 4);
insert into orders_products(order_id, product_id, quantity) values (135, 22, 5);
insert into orders_products(order_id, product_id, quantity) values (136, 52, 4);
insert into orders_products(order_id, product_id, quantity) values (137, 31, 15);
insert into orders_products(order_id, product_id, quantity) values (138, 8, 3);
insert into orders_products(order_id, product_id, quantity) values (138, 4, 13);
insert into orders_products(order_id, product_id, quantity) values (139, 28, 3);
insert into orders_products(order_id, product_id, quantity) values (140, 38, 3);
insert into orders_products(order_id, product_id, quantity) values (140, 23, 15);
insert into orders_products(order_id, product_id, quantity) values (141, 17, 10);
insert into orders_products(order_id, product_id, quantity) values (142, 13, 11);
insert into orders_products(order_id, product_id, quantity) values (142, 42, 3);
insert into orders_products(order_id, product_id, quantity) values (142, 31, 13);
insert into orders_products(order_id, product_id, quantity) values (143, 3, 2);
insert into orders_products(order_id, product_id, quantity) values (143, 17, 3);
insert into orders_products(order_id, product_id, quantity) values (144, 51, 5);
insert into orders_products(order_id, product_id, quantity) values (144, 8, 1);
insert into orders_products(order_id, product_id, quantity) values (145, 7, 6);
insert into orders_products(order_id, product_id, quantity) values (145, 8, 2);
insert into orders_products(order_id, product_id, quantity) values (145, 36, 15);
insert into orders_products(order_id, product_id, quantity) values (146, 28, 10);
insert into orders_products(order_id, product_id, quantity) values (146, 22, 5);
insert into orders_products(order_id, product_id, quantity) values (147, 23, 4);
insert into orders_products(order_id, product_id, quantity) values (148, 32, 13);
insert into orders_products(order_id, product_id, quantity) values (148, 28, 7);
insert into orders_products(order_id, product_id, quantity) values (149, 46, 1);
insert into orders_products(order_id, product_id, quantity) values (150, 6, 12);
insert into orders_products(order_id, product_id, quantity) values (151, 33, 13);
insert into orders_products(order_id, product_id, quantity) values (153, 9, 1);
insert into orders_products(order_id, product_id, quantity) values (153, 30, 12);
insert into orders_products(order_id, product_id, quantity) values (154, 42, 15);
insert into orders_products(order_id, product_id, quantity) values (154, 29, 7);
insert into orders_products(order_id, product_id, quantity) values (154, 27, 8);
insert into orders_products(order_id, product_id, quantity) values (154, 38, 10);
insert into orders_products(order_id, product_id, quantity) values (155, 24, 2);
insert into orders_products(order_id, product_id, quantity) values (156, 32, 14);
insert into orders_products(order_id, product_id, quantity) values (157, 14, 15);
insert into orders_products(order_id, product_id, quantity) values (158, 7, 4);
insert into orders_products(order_id, product_id, quantity) values (159, 42, 2);
insert into orders_products(order_id, product_id, quantity) values (160, 29, 12);
insert into orders_products(order_id, product_id, quantity) values (160, 46, 7);
insert into orders_products(order_id, product_id, quantity) values (160, 27, 3);
insert into orders_products(order_id, product_id, quantity) values (161, 18, 13);
insert into orders_products(order_id, product_id, quantity) values (161, 48, 5);
insert into orders_products(order_id, product_id, quantity) values (162, 50, 9);
insert into orders_products(order_id, product_id, quantity) values (162, 30, 3);
insert into orders_products(order_id, product_id, quantity) values (163, 24, 10);
insert into orders_products(order_id, product_id, quantity) values (163, 27, 11);
insert into orders_products(order_id, product_id, quantity) values (163, 50, 1);
insert into orders_products(order_id, product_id, quantity) values (163, 22, 4);
insert into orders_products(order_id, product_id, quantity) values (163, 14, 4);
insert into orders_products(order_id, product_id, quantity) values (164, 14, 7);
insert into orders_products(order_id, product_id, quantity) values (164, 34, 11);
insert into orders_products(order_id, product_id, quantity) values (164, 36, 1);
insert into orders_products(order_id, product_id, quantity) values (165, 9, 8);
insert into orders_products(order_id, product_id, quantity) values (165, 36, 4);
insert into orders_products(order_id, product_id, quantity) values (166, 45, 13);
insert into orders_products(order_id, product_id, quantity) values (167, 5, 2);
insert into orders_products(order_id, product_id, quantity) values (168, 35, 13);
insert into orders_products(order_id, product_id, quantity) values (169, 33, 7);
insert into orders_products(order_id, product_id, quantity) values (170, 7, 2);
insert into orders_products(order_id, product_id, quantity) values (171, 2, 11);
insert into orders_products(order_id, product_id, quantity) values (172, 41, 12);
insert into orders_products(order_id, product_id, quantity) values (172, 38, 6);
insert into orders_products(order_id, product_id, quantity) values (173, 11, 8);
insert into orders_products(order_id, product_id, quantity) values (173, 26, 13);
insert into orders_products(order_id, product_id, quantity) values (173, 8, 14);
insert into orders_products(order_id, product_id, quantity) values (173, 9, 1);
insert into orders_products(order_id, product_id, quantity) values (174, 3, 9);
insert into orders_products(order_id, product_id, quantity) values (174, 4, 3);
insert into orders_products(order_id, product_id, quantity) values (174, 7, 12);
insert into orders_products(order_id, product_id, quantity) values (174, 33, 4);
insert into orders_products(order_id, product_id, quantity) values (175, 43, 2);
insert into orders_products(order_id, product_id, quantity) values (176, 35, 13);
insert into orders_products(order_id, product_id, quantity) values (177, 46, 2);
insert into orders_products(order_id, product_id, quantity) values (178, 16, 10);
insert into orders_products(order_id, product_id, quantity) values (178, 10, 12);
insert into orders_products(order_id, product_id, quantity) values (178, 11, 14);
insert into orders_products(order_id, product_id, quantity) values (179, 46, 5);
insert into orders_products(order_id, product_id, quantity) values (180, 5, 1);
insert into orders_products(order_id, product_id, quantity) values (180, 21, 13);
insert into orders_products(order_id, product_id, quantity) values (181, 7, 5);
insert into orders_products(order_id, product_id, quantity) values (181, 37, 15);
insert into orders_products(order_id, product_id, quantity) values (182, 51, 14);
insert into orders_products(order_id, product_id, quantity) values (183, 37, 7);
insert into orders_products(order_id, product_id, quantity) values (183, 35, 4);
insert into orders_products(order_id, product_id, quantity) values (184, 28, 10);
insert into orders_products(order_id, product_id, quantity) values (184, 16, 11);
insert into orders_products(order_id, product_id, quantity) values (185, 20, 13);
insert into orders_products(order_id, product_id, quantity) values (186, 26, 5);
insert into orders_products(order_id, product_id, quantity) values (187, 48, 7);
insert into orders_products(order_id, product_id, quantity) values (187, 6, 3);
insert into orders_products(order_id, product_id, quantity) values (188, 12, 6);
insert into orders_products(order_id, product_id, quantity) values (189, 15, 8);
insert into orders_products(order_id, product_id, quantity) values (190, 26, 2);
insert into orders_products(order_id, product_id, quantity) values (191, 34, 4);
insert into orders_products(order_id, product_id, quantity) values (192, 2, 12);
insert into orders_products(order_id, product_id, quantity) values (193, 37, 4);
insert into orders_products(order_id, product_id, quantity) values (193, 40, 12);
insert into orders_products(order_id, product_id, quantity) values (193, 28, 6);
insert into orders_products(order_id, product_id, quantity) values (193, 5, 14);
insert into orders_products(order_id, product_id, quantity) values (194, 17, 13);
insert into orders_products(order_id, product_id, quantity) values (195, 36, 11);
insert into orders_products(order_id, product_id, quantity) values (195, 44, 14);
insert into orders_products(order_id, product_id, quantity) values (196, 20, 3);
insert into orders_products(order_id, product_id, quantity) values (197, 45, 10);
insert into orders_products(order_id, product_id, quantity) values (198, 21, 1);
insert into orders_products(order_id, product_id, quantity) values (198, 19, 15);
insert into orders_products(order_id, product_id, quantity) values (199, 11, 1);
insert into orders_products(order_id, product_id, quantity) values (200, 15, 2);
insert into orders_products(order_id, product_id, quantity) values (200, 32, 13);
insert into orders_products(order_id, product_id, quantity) values (201, 9, 11);
insert into orders_products(order_id, product_id, quantity) values (201, 24, 5);
insert into orders_products(order_id, product_id, quantity) values (202, 10, 9);
insert into orders_products(order_id, product_id, quantity) values (203, 31, 12);
insert into orders_products(order_id, product_id, quantity) values (204, 26, 11);
insert into orders_products(order_id, product_id, quantity) values (205, 3, 2);
insert into orders_products(order_id, product_id, quantity) values (206, 27, 2);
insert into orders_products(order_id, product_id, quantity) values (207, 12, 6);
insert into orders_products(order_id, product_id, quantity) values (208, 18, 12);
insert into orders_products(order_id, product_id, quantity) values (209, 32, 11);
insert into orders_products(order_id, product_id, quantity) values (210, 30, 7);
insert into orders_products(order_id, product_id, quantity) values (211, 4, 5);
insert into orders_products(order_id, product_id, quantity) values (211, 43, 12);
insert into orders_products(order_id, product_id, quantity) values (211, 29, 7);
insert into orders_products(order_id, product_id, quantity) values (212, 12, 11);
insert into orders_products(order_id, product_id, quantity) values (212, 26, 10);
insert into orders_products(order_id, product_id, quantity) values (213, 5, 8);
insert into orders_products(order_id, product_id, quantity) values (213, 40, 7);
insert into orders_products(order_id, product_id, quantity) values (213, 16, 10);
insert into orders_products(order_id, product_id, quantity) values (213, 12, 14);
insert into orders_products(order_id, product_id, quantity) values (213, 43, 5);
insert into orders_products(order_id, product_id, quantity) values (214, 31, 8);
insert into orders_products(order_id, product_id, quantity) values (214, 39, 12);
insert into orders_products(order_id, product_id, quantity) values (214, 43, 11);
insert into orders_products(order_id, product_id, quantity) values (215, 30, 15);
insert into orders_products(order_id, product_id, quantity) values (215, 25, 11);
insert into orders_products(order_id, product_id, quantity) values (216, 11, 8);
insert into orders_products(order_id, product_id, quantity) values (217, 7, 12);
insert into orders_products(order_id, product_id, quantity) values (217, 20, 11);
insert into orders_products(order_id, product_id, quantity) values (218, 38, 6);
insert into orders_products(order_id, product_id, quantity) values (219, 28, 9);
insert into orders_products(order_id, product_id, quantity) values (219, 22, 7);
insert into orders_products(order_id, product_id, quantity) values (219, 33, 1);
insert into orders_products(order_id, product_id, quantity) values (219, 34, 12);
insert into orders_products(order_id, product_id, quantity) values (220, 17, 13);
insert into orders_products(order_id, product_id, quantity) values (221, 51, 6);
insert into orders_products(order_id, product_id, quantity) values (222, 4, 5);
insert into orders_products(order_id, product_id, quantity) values (223, 26, 8);
insert into orders_products(order_id, product_id, quantity) values (224, 14, 1);
insert into orders_products(order_id, product_id, quantity) values (224, 10, 7);
insert into orders_products(order_id, product_id, quantity) values (225, 24, 9);
insert into orders_products(order_id, product_id, quantity) values (225, 6, 5);
insert into orders_products(order_id, product_id, quantity) values (225, 26, 15);
insert into orders_products(order_id, product_id, quantity) values (225, 21, 6);
insert into orders_products(order_id, product_id, quantity) values (225, 3, 6);
insert into orders_products(order_id, product_id, quantity) values (225, 49, 11);
insert into orders_products(order_id, product_id, quantity) values (226, 42, 1);
insert into orders_products(order_id, product_id, quantity) values (226, 34, 7);
insert into orders_products(order_id, product_id, quantity) values (227, 10, 10);
insert into orders_products(order_id, product_id, quantity) values (227, 6, 8);
insert into orders_products(order_id, product_id, quantity) values (227, 18, 9);
insert into orders_products(order_id, product_id, quantity) values (228, 20, 15);
insert into orders_products(order_id, product_id, quantity) values (228, 32, 15);
insert into orders_products(order_id, product_id, quantity) values (229, 15, 9);
insert into orders_products(order_id, product_id, quantity) values (230, 51, 6);
insert into orders_products(order_id, product_id, quantity) values (230, 31, 11);
insert into orders_products(order_id, product_id, quantity) values (231, 26, 9);
insert into orders_products(order_id, product_id, quantity) values (231, 14, 7);
insert into orders_products(order_id, product_id, quantity) values (232, 18, 9);
insert into orders_products(order_id, product_id, quantity) values (233, 10, 3);
insert into orders_products(order_id, product_id, quantity) values (234, 8, 14);
insert into orders_products(order_id, product_id, quantity) values (235, 23, 8);
insert into orders_products(order_id, product_id, quantity) values (235, 40, 4);
insert into orders_products(order_id, product_id, quantity) values (235, 49, 15);
insert into orders_products(order_id, product_id, quantity) values (236, 48, 11);
insert into orders_products(order_id, product_id, quantity) values (237, 14, 13);
insert into orders_products(order_id, product_id, quantity) values (238, 22, 13);
insert into orders_products(order_id, product_id, quantity) values (238, 14, 6);
insert into orders_products(order_id, product_id, quantity) values (238, 33, 4);
insert into orders_products(order_id, product_id, quantity) values (238, 5, 7);
insert into orders_products(order_id, product_id, quantity) values (239, 34, 11);
insert into orders_products(order_id, product_id, quantity) values (240, 26, 9);
insert into orders_products(order_id, product_id, quantity) values (240, 12, 5);
insert into orders_products(order_id, product_id, quantity) values (240, 38, 14);
insert into orders_products(order_id, product_id, quantity) values (241, 25, 3);
insert into orders_products(order_id, product_id, quantity) values (242, 50, 6);
insert into orders_products(order_id, product_id, quantity) values (243, 45, 9);
insert into orders_products(order_id, product_id, quantity) values (243, 26, 3);
insert into orders_products(order_id, product_id, quantity) values (244, 1, 5);
insert into orders_products(order_id, product_id, quantity) values (244, 26, 13);
insert into orders_products(order_id, product_id, quantity) values (245, 38, 4);
insert into orders_products(order_id, product_id, quantity) values (246, 44, 14);
insert into orders_products(order_id, product_id, quantity) values (247, 36, 14);
insert into orders_products(order_id, product_id, quantity) values (247, 43, 5);
insert into orders_products(order_id, product_id, quantity) values (248, 27, 9);
insert into orders_products(order_id, product_id, quantity) values (249, 38, 9);
insert into orders_products(order_id, product_id, quantity) values (250, 23, 4);
insert into orders_products(order_id, product_id, quantity) values (251, 23, 14);
insert into orders_products(order_id, product_id, quantity) values (252, 52, 13);
insert into orders_products(order_id, product_id, quantity) values (252, 19, 1);
insert into orders_products(order_id, product_id, quantity) values (253, 27, 6);
insert into orders_products(order_id, product_id, quantity) values (254, 48, 8);
insert into orders_products(order_id, product_id, quantity) values (255, 34, 5);
insert into orders_products(order_id, product_id, quantity) values (256, 30, 5);
insert into orders_products(order_id, product_id, quantity) values (257, 32, 15);
insert into orders_products(order_id, product_id, quantity) values (258, 11, 9);
insert into orders_products(order_id, product_id, quantity) values (258, 52, 6);
insert into orders_products(order_id, product_id, quantity) values (259, 44, 15);
insert into orders_products(order_id, product_id, quantity) values (260, 46, 13);
insert into orders_products(order_id, product_id, quantity) values (261, 37, 14);
insert into orders_products(order_id, product_id, quantity) values (261, 17, 9);
insert into orders_products(order_id, product_id, quantity) values (262, 41, 15);
insert into orders_products(order_id, product_id, quantity) values (263, 44, 10);
insert into orders_products(order_id, product_id, quantity) values (263, 43, 5);
insert into orders_products(order_id, product_id, quantity) values (264, 15, 11);
insert into orders_products(order_id, product_id, quantity) values (265, 27, 1);
insert into orders_products(order_id, product_id, quantity) values (266, 37, 7);
insert into orders_products(order_id, product_id, quantity) values (266, 39, 4);
insert into orders_products(order_id, product_id, quantity) values (267, 34, 3);
insert into orders_products(order_id, product_id, quantity) values (268, 14, 8);
insert into orders_products(order_id, product_id, quantity) values (268, 18, 11);
insert into orders_products(order_id, product_id, quantity) values (269, 48, 9);
insert into orders_products(order_id, product_id, quantity) values (270, 48, 12);
insert into orders_products(order_id, product_id, quantity) values (271, 48, 11);
insert into orders_products(order_id, product_id, quantity) values (272, 52, 12);
insert into orders_products(order_id, product_id, quantity) values (273, 17, 13);
insert into orders_products(order_id, product_id, quantity) values (273, 15, 11);
insert into orders_products(order_id, product_id, quantity) values (273, 10, 11);
insert into orders_products(order_id, product_id, quantity) values (274, 12, 12);
insert into orders_products(order_id, product_id, quantity) values (275, 48, 1);
insert into orders_products(order_id, product_id, quantity) values (275, 31, 1);
insert into orders_products(order_id, product_id, quantity) values (276, 1, 12);
insert into orders_products(order_id, product_id, quantity) values (277, 35, 10);
insert into orders_products(order_id, product_id, quantity) values (278, 24, 1);
insert into orders_products(order_id, product_id, quantity) values (279, 34, 7);
insert into orders_products(order_id, product_id, quantity) values (279, 43, 2);
insert into orders_products(order_id, product_id, quantity) values (279, 30, 8);
insert into orders_products(order_id, product_id, quantity) values (280, 12, 10);
insert into orders_products(order_id, product_id, quantity) values (280, 49, 9);
insert into orders_products(order_id, product_id, quantity) values (281, 5, 4);
insert into orders_products(order_id, product_id, quantity) values (282, 5, 6);
insert into orders_products(order_id, product_id, quantity) values (282, 15, 9);
insert into orders_products(order_id, product_id, quantity) values (283, 28, 13);
insert into orders_products(order_id, product_id, quantity) values (283, 29, 5);
insert into orders_products(order_id, product_id, quantity) values (284, 10, 5);
insert into orders_products(order_id, product_id, quantity) values (284, 34, 1);
insert into orders_products(order_id, product_id, quantity) values (284, 11, 13);
insert into orders_products(order_id, product_id, quantity) values (285, 50, 13);
insert into orders_products(order_id, product_id, quantity) values (285, 39, 2);
insert into orders_products(order_id, product_id, quantity) values (286, 12, 13);
insert into orders_products(order_id, product_id, quantity) values (286, 3, 8);
insert into orders_products(order_id, product_id, quantity) values (287, 13, 2);
insert into orders_products(order_id, product_id, quantity) values (287, 35, 14);
insert into orders_products(order_id, product_id, quantity) values (287, 48, 15);
insert into orders_products(order_id, product_id, quantity) values (288, 44, 1);
insert into orders_products(order_id, product_id, quantity) values (289, 31, 3);
insert into orders_products(order_id, product_id, quantity) values (289, 26, 5);
insert into orders_products(order_id, product_id, quantity) values (290, 2, 9);
insert into orders_products(order_id, product_id, quantity) values (291, 16, 4);
insert into orders_products(order_id, product_id, quantity) values (292, 23, 12);
insert into orders_products(order_id, product_id, quantity) values (292, 9, 2);
insert into orders_products(order_id, product_id, quantity) values (293, 38, 2);
insert into orders_products(order_id, product_id, quantity) values (294, 3, 1);
insert into orders_products(order_id, product_id, quantity) values (295, 43, 7);
insert into orders_products(order_id, product_id, quantity) values (296, 51, 15);
insert into orders_products(order_id, product_id, quantity) values (296, 27, 8);
insert into orders_products(order_id, product_id, quantity) values (297, 34, 4);
insert into orders_products(order_id, product_id, quantity) values (298, 31, 3);
insert into orders_products(order_id, product_id, quantity) values (299, 20, 13);
insert into orders_products(order_id, product_id, quantity) values (299, 38, 11);
insert into orders_products(order_id, product_id, quantity) values (300, 51, 6);
insert into orders_products(order_id, product_id, quantity) values (301, 21, 1);
insert into orders_products(order_id, product_id, quantity) values (302, 29, 2);
insert into orders_products(order_id, product_id, quantity) values (303, 31, 3);
insert into orders_products(order_id, product_id, quantity) values (303, 14, 11);
insert into orders_products(order_id, product_id, quantity) values (304, 30, 3);
insert into orders_products(order_id, product_id, quantity) values (304, 51, 13);
insert into orders_products(order_id, product_id, quantity) values (305, 38, 5);
insert into orders_products(order_id, product_id, quantity) values (305, 15, 9);
insert into orders_products(order_id, product_id, quantity) values (306, 44, 5);
insert into orders_products(order_id, product_id, quantity) values (306, 25, 8);
insert into orders_products(order_id, product_id, quantity) values (307, 31, 8);
insert into orders_products(order_id, product_id, quantity) values (307, 37, 12);
insert into orders_products(order_id, product_id, quantity) values (308, 15, 15);
insert into orders_products(order_id, product_id, quantity) values (309, 16, 8);
insert into orders_products(order_id, product_id, quantity) values (309, 49, 15);
insert into orders_products(order_id, product_id, quantity) values (310, 34, 10);
insert into orders_products(order_id, product_id, quantity) values (310, 19, 12);
insert into orders_products(order_id, product_id, quantity) values (310, 48, 10);
insert into orders_products(order_id, product_id, quantity) values (311, 25, 4);
insert into orders_products(order_id, product_id, quantity) values (312, 8, 14);
insert into orders_products(order_id, product_id, quantity) values (313, 3, 12);
insert into orders_products(order_id, product_id, quantity) values (314, 7, 9);
insert into orders_products(order_id, product_id, quantity) values (314, 33, 10);
insert into orders_products(order_id, product_id, quantity) values (315, 11, 5);
insert into orders_products(order_id, product_id, quantity) values (315, 7, 6);
insert into orders_products(order_id, product_id, quantity) values (315, 16, 14);
insert into orders_products(order_id, product_id, quantity) values (316, 43, 12);
insert into orders_products(order_id, product_id, quantity) values (316, 21, 10);
insert into orders_products(order_id, product_id, quantity) values (316, 33, 2);
insert into orders_products(order_id, product_id, quantity) values (317, 34, 14);
insert into orders_products(order_id, product_id, quantity) values (317, 27, 13);
insert into orders_products(order_id, product_id, quantity) values (317, 17, 11);
insert into orders_products(order_id, product_id, quantity) values (318, 41, 4);
insert into orders_products(order_id, product_id, quantity) values (318, 12, 13);
insert into orders_products(order_id, product_id, quantity) values (318, 32, 11);
insert into orders_products(order_id, product_id, quantity) values (319, 5, 6);
insert into orders_products(order_id, product_id, quantity) values (320, 9, 12);
insert into orders_products(order_id, product_id, quantity) values (321, 23, 15);
insert into orders_products(order_id, product_id, quantity) values (321, 38, 5);
insert into orders_products(order_id, product_id, quantity) values (322, 52, 1);
insert into orders_products(order_id, product_id, quantity) values (323, 36, 13);
insert into orders_products(order_id, product_id, quantity) values (324, 27, 15);
insert into orders_products(order_id, product_id, quantity) values (325, 9, 7);
insert into orders_products(order_id, product_id, quantity) values (326, 17, 13);
insert into orders_products(order_id, product_id, quantity) values (327, 40, 12);
insert into orders_products(order_id, product_id, quantity) values (328, 7, 4);
insert into orders_products(order_id, product_id, quantity) values (329, 9, 9);
insert into orders_products(order_id, product_id, quantity) values (330, 33, 6);
insert into orders_products(order_id, product_id, quantity) values (331, 19, 1);
insert into orders_products(order_id, product_id, quantity) values (331, 38, 15);
insert into orders_products(order_id, product_id, quantity) values (332, 38, 6);
insert into orders_products(order_id, product_id, quantity) values (333, 1, 14);
insert into orders_products(order_id, product_id, quantity) values (333, 23, 1);
insert into orders_products(order_id, product_id, quantity) values (334, 6, 1);
insert into orders_products(order_id, product_id, quantity) values (335, 31, 2);
insert into orders_products(order_id, product_id, quantity) values (335, 3, 11);
insert into orders_products(order_id, product_id, quantity) values (336, 38, 13);
insert into orders_products(order_id, product_id, quantity) values (337, 39, 8);
insert into orders_products(order_id, product_id, quantity) values (338, 44, 5);
insert into orders_products(order_id, product_id, quantity) values (339, 31, 10);
insert into orders_products(order_id, product_id, quantity) values (339, 14, 8);
insert into orders_products(order_id, product_id, quantity) values (340, 1, 8);
insert into orders_products(order_id, product_id, quantity) values (340, 4, 3);
insert into orders_products(order_id, product_id, quantity) values (341, 7, 5);
insert into orders_products(order_id, product_id, quantity) values (341, 31, 12);
insert into orders_products(order_id, product_id, quantity) values (342, 1, 12);
insert into orders_products(order_id, product_id, quantity) values (343, 22, 8);
insert into orders_products(order_id, product_id, quantity) values (343, 11, 9);
insert into orders_products(order_id, product_id, quantity) values (344, 22, 13);
insert into orders_products(order_id, product_id, quantity) values (344, 5, 11);
insert into orders_products(order_id, product_id, quantity) values (345, 27, 4);
insert into orders_products(order_id, product_id, quantity) values (345, 8, 9);
insert into orders_products(order_id, product_id, quantity) values (346, 32, 4);
insert into orders_products(order_id, product_id, quantity) values (347, 21, 5);
insert into orders_products(order_id, product_id, quantity) values (348, 5, 13);
insert into orders_products(order_id, product_id, quantity) values (349, 49, 11);
insert into orders_products(order_id, product_id, quantity) values (350, 2, 11);
insert into orders_products(order_id, product_id, quantity) values (350, 30, 1);
insert into orders_products(order_id, product_id, quantity) values (350, 46, 3);
insert into orders_products(order_id, product_id, quantity) values (351, 21, 1);
insert into orders_products(order_id, product_id, quantity) values (352, 25, 5);
insert into orders_products(order_id, product_id, quantity) values (353, 52, 8);
insert into orders_products(order_id, product_id, quantity) values (353, 23, 3);
insert into orders_products(order_id, product_id, quantity) values (353, 26, 8);
insert into orders_products(order_id, product_id, quantity) values (354, 20, 1);
insert into orders_products(order_id, product_id, quantity) values (354, 52, 12);
insert into orders_products(order_id, product_id, quantity) values (355, 43, 10);
insert into orders_products(order_id, product_id, quantity) values (356, 39, 15);
insert into orders_products(order_id, product_id, quantity) values (357, 38, 14);
insert into orders_products(order_id, product_id, quantity) values (357, 8, 10);
insert into orders_products(order_id, product_id, quantity) values (358, 15, 2);
insert into orders_products(order_id, product_id, quantity) values (359, 27, 10);
insert into orders_products(order_id, product_id, quantity) values (360, 51, 7);
insert into orders_products(order_id, product_id, quantity) values (361, 27, 8);
insert into orders_products(order_id, product_id, quantity) values (362, 45, 10);
insert into orders_products(order_id, product_id, quantity) values (363, 49, 10);
insert into orders_products(order_id, product_id, quantity) values (363, 44, 14);
insert into orders_products(order_id, product_id, quantity) values (363, 29, 2);
insert into orders_products(order_id, product_id, quantity) values (363, 28, 5);
insert into orders_products(order_id, product_id, quantity) values (364, 10, 3);
insert into orders_products(order_id, product_id, quantity) values (364, 41, 6);
insert into orders_products(order_id, product_id, quantity) values (365, 37, 4);
insert into orders_products(order_id, product_id, quantity) values (366, 17, 12);
insert into orders_products(order_id, product_id, quantity) values (366, 39, 12);
insert into orders_products(order_id, product_id, quantity) values (368, 11, 11);
insert into orders_products(order_id, product_id, quantity) values (369, 45, 5);
insert into orders_products(order_id, product_id, quantity) values (370, 35, 9);
insert into orders_products(order_id, product_id, quantity) values (371, 24, 9);
insert into orders_products(order_id, product_id, quantity) values (372, 7, 14);
insert into orders_products(order_id, product_id, quantity) values (372, 22, 1);
insert into orders_products(order_id, product_id, quantity) values (372, 26, 6);
insert into orders_products(order_id, product_id, quantity) values (372, 51, 3);
insert into orders_products(order_id, product_id, quantity) values (373, 14, 13);
insert into orders_products(order_id, product_id, quantity) values (373, 25, 13);
insert into orders_products(order_id, product_id, quantity) values (374, 34, 15);
insert into orders_products(order_id, product_id, quantity) values (374, 4, 1);
insert into orders_products(order_id, product_id, quantity) values (375, 19, 5);
insert into orders_products(order_id, product_id, quantity) values (375, 3, 14);
insert into orders_products(order_id, product_id, quantity) values (375, 39, 8);
insert into orders_products(order_id, product_id, quantity) values (375, 5, 5);
insert into orders_products(order_id, product_id, quantity) values (375, 18, 2);
insert into orders_products(order_id, product_id, quantity) values (376, 31, 14);
insert into orders_products(order_id, product_id, quantity) values (377, 52, 12);
insert into orders_products(order_id, product_id, quantity) values (377, 51, 10);
insert into orders_products(order_id, product_id, quantity) values (378, 24, 3);
insert into orders_products(order_id, product_id, quantity) values (379, 18, 9);
insert into orders_products(order_id, product_id, quantity) values (380, 18, 11);
insert into orders_products(order_id, product_id, quantity) values (381, 48, 10);
insert into orders_products(order_id, product_id, quantity) values (382, 44, 9);
insert into orders_products(order_id, product_id, quantity) values (383, 4, 12);
insert into orders_products(order_id, product_id, quantity) values (383, 50, 2);
insert into orders_products(order_id, product_id, quantity) values (385, 1, 8);
insert into orders_products(order_id, product_id, quantity) values (385, 17, 7);
insert into orders_products(order_id, product_id, quantity) values (386, 15, 4);
insert into orders_products(order_id, product_id, quantity) values (387, 50, 6);
insert into orders_products(order_id, product_id, quantity) values (387, 36, 11);
insert into orders_products(order_id, product_id, quantity) values (388, 21, 11);
insert into orders_products(order_id, product_id, quantity) values (389, 44, 5);
insert into orders_products(order_id, product_id, quantity) values (390, 44, 8);
insert into orders_products(order_id, product_id, quantity) values (391, 35, 1);
insert into orders_products(order_id, product_id, quantity) values (392, 50, 4);
insert into orders_products(order_id, product_id, quantity) values (393, 24, 12);
insert into orders_products(order_id, product_id, quantity) values (394, 2, 9);
insert into orders_products(order_id, product_id, quantity) values (395, 11, 13);
insert into orders_products(order_id, product_id, quantity) values (396, 34, 13);
insert into orders_products(order_id, product_id, quantity) values (396, 21, 15);
insert into orders_products(order_id, product_id, quantity) values (397, 45, 10);
insert into orders_products(order_id, product_id, quantity) values (397, 33, 4);
insert into orders_products(order_id, product_id, quantity) values (398, 18, 10);
insert into orders_products(order_id, product_id, quantity) values (399, 39, 9);
insert into orders_products(order_id, product_id, quantity) values (400, 19, 3);
insert into orders_products(order_id, product_id, quantity) values (401, 46, 3);
insert into orders_products(order_id, product_id, quantity) values (401, 30, 3);
insert into orders_products(order_id, product_id, quantity) values (401, 43, 14);
insert into orders_products(order_id, product_id, quantity) values (401, 19, 7);
insert into orders_products(order_id, product_id, quantity) values (401, 25, 4);
insert into orders_products(order_id, product_id, quantity) values (403, 9, 9);
insert into orders_products(order_id, product_id, quantity) values (404, 6, 3);
insert into orders_products(order_id, product_id, quantity) values (405, 20, 5);
insert into orders_products(order_id, product_id, quantity) values (405, 45, 9);
insert into orders_products(order_id, product_id, quantity) values (406, 1, 3);
insert into orders_products(order_id, product_id, quantity) values (407, 32, 15);
insert into orders_products(order_id, product_id, quantity) values (408, 3, 3);
insert into orders_products(order_id, product_id, quantity) values (408, 36, 14);
insert into orders_products(order_id, product_id, quantity) values (409, 16, 5);
insert into orders_products(order_id, product_id, quantity) values (409, 43, 10);
insert into orders_products(order_id, product_id, quantity) values (410, 5, 1);
insert into orders_products(order_id, product_id, quantity) values (411, 46, 13);
insert into orders_products(order_id, product_id, quantity) values (411, 23, 3);
insert into orders_products(order_id, product_id, quantity) values (411, 7, 8);
insert into orders_products(order_id, product_id, quantity) values (411, 33, 5);
insert into orders_products(order_id, product_id, quantity) values (411, 19, 14);
insert into orders_products(order_id, product_id, quantity) values (411, 50, 1);
insert into orders_products(order_id, product_id, quantity) values (411, 42, 2);
insert into orders_products(order_id, product_id, quantity) values (412, 41, 6);
insert into orders_products(order_id, product_id, quantity) values (413, 28, 1);
insert into orders_products(order_id, product_id, quantity) values (413, 14, 2);
insert into orders_products(order_id, product_id, quantity) values (414, 46, 13);
insert into orders_products(order_id, product_id, quantity) values (415, 8, 5);
insert into orders_products(order_id, product_id, quantity) values (416, 22, 15);
insert into orders_products(order_id, product_id, quantity) values (417, 7, 13);
insert into orders_products(order_id, product_id, quantity) values (417, 50, 8);
insert into orders_products(order_id, product_id, quantity) values (418, 43, 13);
insert into orders_products(order_id, product_id, quantity) values (418, 16, 8);
insert into orders_products(order_id, product_id, quantity) values (418, 20, 9);
insert into orders_products(order_id, product_id, quantity) values (419, 26, 8);
insert into orders_products(order_id, product_id, quantity) values (419, 6, 12);
insert into orders_products(order_id, product_id, quantity) values (419, 11, 8);
insert into orders_products(order_id, product_id, quantity) values (420, 13, 2);
insert into orders_products(order_id, product_id, quantity) values (421, 37, 7);
insert into orders_products(order_id, product_id, quantity) values (421, 15, 5);
insert into orders_products(order_id, product_id, quantity) values (421, 39, 9);
insert into orders_products(order_id, product_id, quantity) values (422, 9, 2);
insert into orders_products(order_id, product_id, quantity) values (422, 41, 9);
insert into orders_products(order_id, product_id, quantity) values (422, 26, 14);
insert into orders_products(order_id, product_id, quantity) values (423, 21, 4);
insert into orders_products(order_id, product_id, quantity) values (423, 35, 9);
insert into orders_products(order_id, product_id, quantity) values (424, 7, 10);
insert into orders_products(order_id, product_id, quantity) values (424, 10, 7);
insert into orders_products(order_id, product_id, quantity) values (425, 27, 10);
insert into orders_products(order_id, product_id, quantity) values (426, 1, 2);
insert into orders_products(order_id, product_id, quantity) values (427, 36, 10);
insert into orders_products(order_id, product_id, quantity) values (428, 26, 8);
insert into orders_products(order_id, product_id, quantity) values (429, 37, 4);
insert into orders_products(order_id, product_id, quantity) values (429, 45, 9);
insert into orders_products(order_id, product_id, quantity) values (430, 51, 4);
insert into orders_products(order_id, product_id, quantity) values (431, 43, 6);
insert into orders_products(order_id, product_id, quantity) values (431, 34, 9);
insert into orders_products(order_id, product_id, quantity) values (431, 7, 7);
insert into orders_products(order_id, product_id, quantity) values (431, 30, 6);
insert into orders_products(order_id, product_id, quantity) values (432, 16, 2);
insert into orders_products(order_id, product_id, quantity) values (432, 2, 11);
insert into orders_products(order_id, product_id, quantity) values (433, 25, 5);
insert into orders_products(order_id, product_id, quantity) values (434, 26, 10);
insert into orders_products(order_id, product_id, quantity) values (435, 26, 4);
insert into orders_products(order_id, product_id, quantity) values (435, 33, 4);
insert into orders_products(order_id, product_id, quantity) values (435, 42, 5);
insert into orders_products(order_id, product_id, quantity) values (436, 24, 4);
insert into orders_products(order_id, product_id, quantity) values (437, 14, 14);
insert into orders_products(order_id, product_id, quantity) values (438, 13, 8);
insert into orders_products(order_id, product_id, quantity) values (439, 48, 13);
insert into orders_products(order_id, product_id, quantity) values (440, 1, 14);
insert into orders_products(order_id, product_id, quantity) values (441, 49, 8);
insert into orders_products(order_id, product_id, quantity) values (442, 42, 6);
insert into orders_products(order_id, product_id, quantity) values (443, 5, 8);
insert into orders_products(order_id, product_id, quantity) values (443, 38, 7);
insert into orders_products(order_id, product_id, quantity) values (443, 52, 5);
insert into orders_products(order_id, product_id, quantity) values (444, 2, 14);
insert into orders_products(order_id, product_id, quantity) values (445, 40, 8);
insert into orders_products(order_id, product_id, quantity) values (445, 35, 3);
insert into orders_products(order_id, product_id, quantity) values (446, 42, 7);
insert into orders_products(order_id, product_id, quantity) values (447, 30, 11);
insert into orders_products(order_id, product_id, quantity) values (447, 20, 2);
insert into orders_products(order_id, product_id, quantity) values (448, 45, 15);
insert into orders_products(order_id, product_id, quantity) values (449, 28, 10);
insert into orders_products(order_id, product_id, quantity) values (450, 24, 1);
insert into orders_products(order_id, product_id, quantity) values (450, 16, 8);
insert into orders_products(order_id, product_id, quantity) values (452, 6, 9);
insert into orders_products(order_id, product_id, quantity) values (453, 40, 14);
insert into orders_products(order_id, product_id, quantity) values (454, 22, 3);
insert into orders_products(order_id, product_id, quantity) values (454, 48, 13);
insert into orders_products(order_id, product_id, quantity) values (455, 9, 5);
insert into orders_products(order_id, product_id, quantity) values (455, 11, 13);
insert into orders_products(order_id, product_id, quantity) values (455, 31, 11);
insert into orders_products(order_id, product_id, quantity) values (456, 28, 7);
insert into orders_products(order_id, product_id, quantity) values (457, 6, 5);
insert into orders_products(order_id, product_id, quantity) values (457, 15, 8);
insert into orders_products(order_id, product_id, quantity) values (457, 10, 2);
insert into orders_products(order_id, product_id, quantity) values (458, 48, 13);
insert into orders_products(order_id, product_id, quantity) values (459, 51, 7);
insert into orders_products(order_id, product_id, quantity) values (459, 15, 6);
insert into orders_products(order_id, product_id, quantity) values (460, 51, 3);
insert into orders_products(order_id, product_id, quantity) values (461, 32, 8);
insert into orders_products(order_id, product_id, quantity) values (463, 31, 3);
insert into orders_products(order_id, product_id, quantity) values (464, 22, 7);
insert into orders_products(order_id, product_id, quantity) values (464, 33, 9);
insert into orders_products(order_id, product_id, quantity) values (464, 26, 4);
insert into orders_products(order_id, product_id, quantity) values (465, 2, 3);
insert into orders_products(order_id, product_id, quantity) values (465, 28, 5);
insert into orders_products(order_id, product_id, quantity) values (465, 46, 2);
insert into orders_products(order_id, product_id, quantity) values (466, 14, 7);
insert into orders_products(order_id, product_id, quantity) values (466, 1, 7);
insert into orders_products(order_id, product_id, quantity) values (467, 16, 2);
insert into orders_products(order_id, product_id, quantity) values (468, 16, 11);
insert into orders_products(order_id, product_id, quantity) values (469, 8, 9);
insert into orders_products(order_id, product_id, quantity) values (470, 8, 6);
insert into orders_products(order_id, product_id, quantity) values (471, 28, 7);
insert into orders_products(order_id, product_id, quantity) values (472, 6, 1);
insert into orders_products(order_id, product_id, quantity) values (472, 50, 14);
insert into orders_products(order_id, product_id, quantity) values (473, 45, 7);
insert into orders_products(order_id, product_id, quantity) values (474, 13, 5);
insert into orders_products(order_id, product_id, quantity) values (474, 31, 4);
insert into orders_products(order_id, product_id, quantity) values (475, 36, 9);
insert into orders_products(order_id, product_id, quantity) values (476, 35, 7);
insert into orders_products(order_id, product_id, quantity) values (477, 30, 15);
insert into orders_products(order_id, product_id, quantity) values (477, 35, 7);
insert into orders_products(order_id, product_id, quantity) values (477, 17, 8);
insert into orders_products(order_id, product_id, quantity) values (478, 24, 11);
insert into orders_products(order_id, product_id, quantity) values (479, 43, 5);
insert into orders_products(order_id, product_id, quantity) values (480, 27, 9);
insert into orders_products(order_id, product_id, quantity) values (481, 14, 4);
insert into orders_products(order_id, product_id, quantity) values (482, 40, 8);
insert into orders_products(order_id, product_id, quantity) values (483, 52, 12);
insert into orders_products(order_id, product_id, quantity) values (484, 45, 11);
insert into orders_products(order_id, product_id, quantity) values (484, 1, 3);
insert into orders_products(order_id, product_id, quantity) values (484, 11, 10);
insert into orders_products(order_id, product_id, quantity) values (485, 32, 12);
insert into orders_products(order_id, product_id, quantity) values (485, 43, 6);
insert into orders_products(order_id, product_id, quantity) values (486, 28, 12);
insert into orders_products(order_id, product_id, quantity) values (487, 28, 9);
insert into orders_products(order_id, product_id, quantity) values (488, 36, 9);
insert into orders_products(order_id, product_id, quantity) values (489, 29, 12);
insert into orders_products(order_id, product_id, quantity) values (490, 3, 6);
insert into orders_products(order_id, product_id, quantity) values (491, 46, 6);
insert into orders_products(order_id, product_id, quantity) values (491, 32, 7);
insert into orders_products(order_id, product_id, quantity) values (492, 45, 10);
insert into orders_products(order_id, product_id, quantity) values (493, 38, 7);
insert into orders_products(order_id, product_id, quantity) values (494, 17, 1);
insert into orders_products(order_id, product_id, quantity) values (494, 39, 8);
insert into orders_products(order_id, product_id, quantity) values (495, 20, 2);
insert into orders_products(order_id, product_id, quantity) values (495, 48, 5);
insert into orders_products(order_id, product_id, quantity) values (495, 16, 9);
insert into orders_products(order_id, product_id, quantity) values (496, 34, 4);
insert into orders_products(order_id, product_id, quantity) values (496, 19, 1);
insert into orders_products(order_id, product_id, quantity) values (496, 17, 6);
insert into orders_products(order_id, product_id, quantity) values (497, 6, 12);
insert into orders_products(order_id, product_id, quantity) values (498, 36, 14);
insert into orders_products(order_id, product_id, quantity) values (499, 13, 10);
insert into orders_products(order_id, product_id, quantity) values (500, 27, 2);
insert into orders_products(order_id, product_id, quantity) values (501, 14, 1);
insert into orders_products(order_id, product_id, quantity) values (502, 21, 1);
insert into orders_products(order_id, product_id, quantity) values (503, 49, 9);
insert into orders_products(order_id, product_id, quantity) values (504, 51, 13);
insert into orders_products(order_id, product_id, quantity) values (505, 12, 11);
insert into orders_products(order_id, product_id, quantity) values (505, 23, 11);
insert into orders_products(order_id, product_id, quantity) values (505, 24, 4);
insert into orders_products(order_id, product_id, quantity) values (505, 28, 3);
insert into orders_products(order_id, product_id, quantity) values (506, 22, 1);
insert into orders_products(order_id, product_id, quantity) values (507, 29, 13);
insert into orders_products(order_id, product_id, quantity) values (508, 44, 5);
insert into orders_products(order_id, product_id, quantity) values (509, 30, 15);
insert into orders_products(order_id, product_id, quantity) values (510, 2, 11);
insert into orders_products(order_id, product_id, quantity) values (511, 49, 8);
